Customer ID,Customer Name,Business Name,Phone,Email,Address,Customer Type,Registration Date,Account Status,Credit Status,Total Purchases,Outstanding Balance,Last Purchase,Last Purchase Date
CUST-000001,Musa Usman,Excellent Wholesale Stores,8090668968.0,customer1@demo-biscuit.com,"Demo Business District, Area 20",Retailer,2024-12-22,Active,Restricted,0.0,0.0,14 Aug 2026,
CUST-000002,Zainab Abubakar,Victory Distribution Centre,8024862807.0,customer2@demo-biscuit.com,"Demo Business District, Area 10",Distributor,2024-03-30,Active,Review,0.0,0.0,14 Aug 2026,
CUST-000003,Muhammad Abubakar,Unity Wholesale Depot,8057866880.0,customer3@demo-biscuit.com,"Demo Business District, Area 13",Wholesale,2024-06-11,Inactive,Good,0.0,0.0,14 Aug 2026,
CUST-000004,Rukayya Usman,Prime Choice Wholesale Stores,8096542925.0,customer4@demo-biscuit.com,"Demo Business District, Area 23",Retailer,2024-07-11,Inactive,Good,0.0,0.0,14 Aug 2026,
CUST-000005,Muhammad Shehu,Trusted Choice Trading Company,8084416889.0,customer5@demo-biscuit.com,"Demo Business District, Area 16",Distributor,2024-02-07,Active,Review,0.0,0.0,14 Aug 2026,
CUST-000006,Fatima Kabiru,Success Trading Company,8066366902.0,customer6@demo-biscuit.com,"Demo Business District, Area 19",Distributor,2023-12-09,Active,Restricted,0.0,0.0,14 Aug 2026,
CUST-000007,Fatima Abdullahi,Premium General Suppliers,8080224935.0,customer7@demo-biscuit.com,"Demo Business District, Area 22",Wholesale,2026-03-31,Inactive,Review,0.0,0.0,14 Aug 2026,
CUST-000008,Aisha Ibrahim,Diamond General Suppliers,8083233523.0,customer8@demo-biscuit.com,"Demo Business District, Area 9",Wholesale,2024-12-18,Active,Good,0.0,0.0,14 Aug 2026,
CUST-000009,Zainab Ahmad,Evergreen Trading Company,8046109392.0,customer9@demo-biscuit.com,"Demo Business District, Area 1",Distributor,2026-06-11,Active,Restricted,0.0,0.0,14 Aug 2026,
CUST-000010,Bello Ahmad,Success Trading Company,8075171986.0,customer10@demo-biscuit.com,"Demo Business District, Area 15",Distributor,2025-02-06,Active,Review,0.0,0.0,14 Aug 2026,
CUST-000011,Zainab Musa,Standard Foods & Beverages,8079145394.0,customer11@demo-biscuit.com,"Demo Business District, Area 9",Distributor,2025-04-07,Active,Review,0.0,0.0,14 Aug 2026,
CUST-000012,Rukayya Abubakar,Prime Choice Foods & Beverages,8065205206.0,customer12@demo-biscuit.com,"Demo Business District, Area 5",Distributor,2025-04-10,Active,Good,0.0,0.0,14 Aug 2026,
CUST-000013,Muhammad Lawal,Premium Wholesale Stores,8093359230.0,customer13@demo-biscuit.com,"Demo Business District, Area 2",Wholesale,2024-06-05,Inactive,Good,0.0,0.0,14 Aug 2026,
CUST-000014,Asma'u Shehu,Golden Basket Wholesale Centre,8028101218.0,customer14@demo-biscuit.com,"Demo Business District, Area 18",Distributor,2025-11-28,Active,Restricted,0.0,0.0,14 Aug 2026,
CUST-000015,Ahmed Kabiru,Success Wholesale Stores,8028165850.0,customer15@demo-biscuit.com,"Demo Business District, Area 19",Distributor,2025-09-04,Inactive,Review,0.0,0.0,14 Aug 2026,
CUST-000016,Aliyu Ibrahim,Excellent General Suppliers,8019856055.0,customer16@demo-biscuit.com,"Demo Business District, Area 2",Distributor,2024-03-13,Active,Good,0.0,0.0,14 Aug 2026,
CUST-000017,Hadiza Abdullahi,Northern Star Wholesale Stores,8026290387.0,customer17@demo-biscuit.com,"Demo Business District, Area 16",Distributor,2025-03-24,Inactive,Restricted,0.0,0.0,14 Aug 2026,
CUST-000018,Usman Ibrahim,Premium Wholesale Stores,8041316553.0,customer18@demo-biscuit.com,"Demo Business District, Area 22",Wholesale,2024-07-17,Active,Restricted,0.0,0.0,14 Aug 2026,
CUST-000019,Aliyu Musa,Royal Foods Distribution Hub,8016467611.0,customer19@demo-biscuit.com,"Demo Business District, Area 15",Wholesale,2024-02-07,Active,Review,179800.0,0.0,14 Aug 2026,
CUST-000020,Safiya Abdullahi,Golden Basket Wholesale Stores,8098747837.0,customer20@demo-biscuit.com,"Demo Business District, Area 6",Wholesale,2025-06-10,Active,Review,0.0,0.0,14 Aug 2026,
CUST-000021,Zainab Danjuma,Standard Trading Enterprise,8045358813.0,customer21@demo-biscuit.com,"Demo Business District, Area 15",Distributor,2025-02-20,Active,Good,0.0,0.0,14 Aug 2026,
CUST-000022,Bello Umar,Trusted Choice Wholesale Stores,8080423899.0,customer22@demo-biscuit.com,"Demo Business District, Area 9",Distributor,2024-03-31,Active,Good,241400.0,0.0,14 Aug 2026,
CUST-000023,Yusuf Abdullahi,Prime Choice Trading Company,8099979425.0,customer23@demo-biscuit.com,"Demo Business District, Area 6",Retailer,2026-06-17,Active,Good,0.0,0.0,14 Aug 2026,
CUST-000024,Umar Suleiman,Unity Distribution Centre,8047644351.0,customer24@demo-biscuit.com,"Demo Business District, Area 18",Retailer,2024-06-05,Inactive,Good,0.0,0.0,14 Aug 2026,
CUST-000025,Maryam Garba,Premium Foods & Beverages,8045394922.0,customer25@demo-biscuit.com,"Demo Business District, Area 4",Retailer,2025-04-24,Active,Good,0.0,0.0,14 Aug 2026,
CUST-000026,Asma'u Musa,Victory Wholesale Depot,8024270032.0,customer26@demo-biscuit.com,"Demo Business District, Area 17",Retailer,2025-08-27,Active,Restricted,0.0,0.0,14 Aug 2026,
CUST-000027,Ibrahim Garba,Success Wholesale Depot,8065249698.0,customer27@demo-biscuit.com,"Demo Business District, Area 25",Wholesale,2025-10-24,Active,Good,0.0,0.0,14 Aug 2026,
CUST-000028,Abubakar Sani,Royal Foods Wholesale Centre,8087373976.0,customer28@demo-biscuit.com,"Demo Business District, Area 12",Distributor,2025-08-26,Active,Restricted,0.0,0.0,14 Aug 2026,
CUST-000029,Khadija Kabiru,Northern Star Food Distributors,8067193390.0,customer29@demo-biscuit.com,"Demo Business District, Area 22",Distributor,2024-01-27,Active,Good,0.0,0.0,14 Aug 2026,
CUST-000030,Fatima Hassan,Sunrise Foods & Beverages,8013176036.0,customer30@demo-biscuit.com,"Demo Business District, Area 10",Distributor,2024-08-02,Active,Good,0.0,0.0,14 Aug 2026,
CUST-000031,Rukayya Sani,Central Market Food Distributors,8036501061.0,customer31@demo-biscuit.com,"Demo Business District, Area 18",Distributor,2026-05-18,Active,Good,0.0,0.0,14 Aug 2026,
CUST-000032,Hauwa Sani,Prime Choice Wholesale Centre,8098019964.0,customer32@demo-biscuit.com,"Demo Business District, Area 10",Wholesale,2026-06-15,Active,Restricted,0.0,0.0,14 Aug 2026,
CUST-000033,Ahmed Shehu,Sunrise Food Distributors,8026805141.0,customer33@demo-biscuit.com,"Demo Business District, Area 6",Distributor,2025-01-05,Active,Restricted,0.0,0.0,14 Aug 2026,
CUST-000034,Asma'u Suleiman,Sunrise Foods & Beverages,8082631920.0,customer34@demo-biscuit.com,"Demo Business District, Area 16",Wholesale,2025-05-13,Active,Good,80600.0,0.0,14 Aug 2026,
CUST-000035,Ahmed Tanko,Prime Choice Distribution Hub,8045597600.0,customer35@demo-biscuit.com,"Demo Business District, Area 11",Retailer,2024-10-04,Inactive,Good,0.0,0.0,14 Aug 2026,
CUST-000036,Abubakar Abdullahi,Unity General Suppliers,8030246318.0,customer36@demo-biscuit.com,"Demo Business District, Area 24",Distributor,2023-12-30,Active,Good,0.0,0.0,14 Aug 2026,
CUST-000037,Yusuf Suleiman,Standard Foods & Beverages,8071641870.0,customer37@demo-biscuit.com,"Demo Business District, Area 21",Distributor,2025-04-02,Inactive,Review,0.0,0.0,14 Aug 2026,
CUST-000038,Asma'u Tanko,Central Market General Suppliers,8010712938.0,customer38@demo-biscuit.com,"Demo Business District, Area 12",Wholesale,2024-04-02,Inactive,Review,442300.0,0.0,14 Aug 2026,
CUST-000039,Abubakar Umar,Prime Choice Foods & Beverages,8023522643.0,customer39@demo-biscuit.com,"Demo Business District, Area 1",Distributor,2025-01-14,Active,Restricted,0.0,0.0,14 Aug 2026,
CUST-000040,Hassan Tanko,Northern Star Food Distributors,8096442492.0,customer40@demo-biscuit.com,"Demo Business District, Area 22",Distributor,2026-02-03,Inactive,Good,261900.0,0.0,14 Aug 2026,
CUST-000041,Ibrahim Ibrahim,Evergreen Food Distributors,8089553785.0,customer41@demo-biscuit.com,"Demo Business District, Area 22",Distributor,2024-04-29,Active,Good,0.0,0.0,14 Aug 2026,
CUST-000042,Hassan Garba,Excellent Foods & Beverages,8094532675.0,customer42@demo-biscuit.com,"Demo Business District, Area 1",Distributor,2024-02-28,Inactive,Review,0.0,0.0,14 Aug 2026,
CUST-000043,Mustapha Shehu,Victory Wholesale Stores,8052234585.0,customer43@demo-biscuit.com,"Demo Business District, Area 18",Wholesale,2026-02-16,Active,Good,0.0,0.0,14 Aug 2026,
CUST-000044,Musa Ahmad,Unity Wholesale Centre,8081421559.0,customer44@demo-biscuit.com,"Demo Business District, Area 5",Distributor,2024-11-08,Inactive,Good,0.0,0.0,14 Aug 2026,
CUST-000045,Ahmed Sani,Trusted Choice Trading Company,8045241709.0,customer45@demo-biscuit.com,"Demo Business District, Area 20",Wholesale,2025-09-09,Active,Good,0.0,0.0,14 Aug 2026,
CUST-000046,Aisha Abubakar,Prime Choice Wholesale Stores,8071194403.0,customer46@demo-biscuit.com,"Demo Business District, Area 19",Retailer,2025-07-26,Active,Good,540600.0,270300.0,14 Aug 2026,
CUST-000047,Hadiza Bello,Victory Trading Company,8053621033.0,customer47@demo-biscuit.com,"Demo Business District, Area 14",Distributor,2025-02-11,Inactive,Good,0.0,0.0,14 Aug 2026,
CUST-000048,Hussaini Abubakar,Sunrise Wholesale Depot,8056781129.0,customer48@demo-biscuit.com,"Demo Business District, Area 25",Wholesale,2024-04-29,Active,Review,0.0,0.0,14 Aug 2026,
CUST-000049,Maryam Aliyu,Royal Foods Distribution Hub,8045920556.0,customer49@demo-biscuit.com,"Demo Business District, Area 11",Distributor,2024-03-11,Active,Good,285600.0,0.0,14 Aug 2026,
CUST-000050,Abdullahi Lawal,Central Market Distribution Hub,8029255527.0,customer50@demo-biscuit.com,"Demo Business District, Area 18",Retailer,2024-05-15,Active,Good,0.0,0.0,14 Aug 2026,
CUST-000051,Hassan Tanko,Diamond Food Distributors,8064983661.0,customer51@demo-biscuit.com,"Demo Business District, Area 11",Distributor,2026-04-08,Active,Restricted,0.0,0.0,14 Aug 2026,
CUST-000052,Fatima Mohammed,Sunrise Wholesale Depot,8033215571.0,customer52@demo-biscuit.com,"Demo Business District, Area 1",Retailer,2025-10-14,Inactive,Good,0.0,0.0,14 Aug 2026,
CUST-000053,Ahmed Usman,Premium Distribution Centre,8074816118.0,customer53@demo-biscuit.com,"Demo Business District, Area 11",Distributor,2026-07-02,Active,Good,447200.0,0.0,14 Aug 2026,
CUST-000054,Khadija Sani,Unity Foods & Beverages,8047166155.0,customer54@demo-biscuit.com,"Demo Business District, Area 20",Distributor,2024-10-07,Active,Good,0.0,0.0,14 Aug 2026,
CUST-000055,Zainab Mohammed,Excellent Wholesale Centre,8072205072.0,customer55@demo-biscuit.com,"Demo Business District, Area 7",Wholesale,2024-11-01,Active,Good,145100.0,0.0,14 Aug 2026,
CUST-000056,Ibrahim Tanko,Sunrise Wholesale Stores,8046356183.0,customer56@demo-biscuit.com,"Demo Business District, Area 14",Retailer,2026-05-30,Active,Restricted,0.0,0.0,14 Aug 2026,
CUST-000057,Rukayya Ahmad,Royal Foods Trading Company,8052656849.0,customer57@demo-biscuit.com,"Demo Business District, Area 20",Retailer,2025-03-10,Active,Review,0.0,0.0,14 Aug 2026,
CUST-000058,Hussaini Hassan,Northern Star Trading Company,8044071544.0,customer58@demo-biscuit.com,"Demo Business District, Area 25",Wholesale,2025-03-24,Active,Good,0.0,0.0,14 Aug 2026,
CUST-000059,Abdullahi Ahmad,Standard Food Distributors,8018664330.0,customer59@demo-biscuit.com,"Demo Business District, Area 24",Distributor,2024-07-05,Inactive,Restricted,0.0,0.0,14 Aug 2026,
CUST-000060,Hadiza Garba,Diamond Distribution Centre,8089971027.0,customer60@demo-biscuit.com,"Demo Business District, Area 11",Wholesale,2025-03-01,Active,Good,0.0,0.0,14 Aug 2026,
CUST-000061,Umar Umar,Prime Choice Wholesale Stores,8080866014.0,customer61@demo-biscuit.com,"Demo Business District, Area 17",Wholesale,2024-02-06,Active,Good,0.0,0.0,14 Aug 2026,
CUST-000062,Hauwa Mohammed,Northern Star Trading Company,8080675927.0,customer62@demo-biscuit.com,"Demo Business District, Area 5",Wholesale,2025-02-03,Active,Good,0.0,0.0,14 Aug 2026,
CUST-000063,Hadiza Abubakar,Golden Basket Wholesale Stores,8062613627.0,customer63@demo-biscuit.com,"Demo Business District, Area 18",Retailer,2024-10-22,Inactive,Good,86100.0,0.0,14 Aug 2026,
CUST-000064,Ahmed Kabiru,Excellent Distribution Hub,8098178629.0,customer64@demo-biscuit.com,"Demo Business District, Area 19",Retailer,2026-05-13,Active,Good,0.0,0.0,14 Aug 2026,
CUST-000065,Hassan Umar,Golden Basket Foods & Beverages,8032588066.0,customer65@demo-biscuit.com,"Demo Business District, Area 6",Retailer,2024-08-04,Active,Good,384800.0,192400.0,14 Aug 2026,
CUST-000066,Asma'u Ibrahim,Sunrise Distribution Centre,8050352315.0,customer66@demo-biscuit.com,"Demo Business District, Area 8",Distributor,2025-02-03,Active,Restricted,0.0,0.0,14 Aug 2026,
CUST-000067,Ibrahim Lawal,Unity Food Distributors,8078214548.0,customer67@demo-biscuit.com,"Demo Business District, Area 2",Wholesale,2025-03-19,Active,Good,0.0,0.0,14 Aug 2026,
CUST-000068,Musa Shehu,Premium Foods & Beverages,8035679466.0,customer68@demo-biscuit.com,"Demo Business District, Area 3",Distributor,2025-05-08,Active,Good,120400.0,0.0,14 Aug 2026,
CUST-000069,Usman Yusuf,Royal Foods Trading Company,8066636259.0,customer69@demo-biscuit.com,"Demo Business District, Area 24",Wholesale,2025-05-07,Active,Good,372300.0,0.0,14 Aug 2026,
CUST-000070,Safiya Mohammed,Central Market Trading Company,8038327121.0,customer70@demo-biscuit.com,"Demo Business District, Area 24",Retailer,2025-12-26,Active,Good,0.0,0.0,14 Aug 2026,
CUST-000071,Umar Kabiru,Evergreen Distribution Hub,8035407316.0,customer71@demo-biscuit.com,"Demo Business District, Area 14",Wholesale,2026-06-13,Inactive,Good,0.0,0.0,14 Aug 2026,
CUST-000072,Khadija Hassan,Central Market Wholesale Depot,8046652985.0,customer72@demo-biscuit.com,"Demo Business District, Area 12",Distributor,2025-03-02,Active,Good,60000.0,0.0,14 Aug 2026,
CUST-000073,Ahmed Suleiman,Royal Foods Wholesale Depot,8099928734.0,customer73@demo-biscuit.com,"Demo Business District, Area 18",Distributor,2025-08-14,Active,Good,311100.0,311100.0,14 Aug 2026,
CUST-000074,Bello Lawal,Trusted Choice Wholesale Stores,8047059680.0,customer74@demo-biscuit.com,"Demo Business District, Area 10",Retailer,2026-06-06,Active,Restricted,0.0,0.0,14 Aug 2026,
CUST-000075,Abubakar Bello,Excellent Trading Company,8087172047.0,customer75@demo-biscuit.com,"Demo Business District, Area 15",Retailer,2024-10-24,Active,Restricted,0.0,0.0,14 Aug 2026,
CUST-000076,Muhammad Ibrahim,Success Wholesale Depot,8032572086.0,customer76@demo-biscuit.com,"Demo Business District, Area 18",Wholesale,2024-02-14,Active,Good,0.0,0.0,14 Aug 2026,
CUST-000077,Abubakar Bello,Victory Distribution Centre,8030566570.0,customer77@demo-biscuit.com,"Demo Business District, Area 10",Retailer,2025-03-19,Active,Good,0.0,0.0,14 Aug 2026,
CUST-000078,Safiya Lawal,Evergreen General Suppliers,8051958816.0,customer78@demo-biscuit.com,"Demo Business District, Area 14",Distributor,2026-06-02,Active,Good,0.0,0.0,14 Aug 2026,
CUST-000079,Hauwa Umar,Diamond General Suppliers,8074805280.0,customer79@demo-biscuit.com,"Demo Business District, Area 17",Wholesale,2026-06-28,Active,Good,0.0,0.0,14 Aug 2026,
CUST-000080,Aliyu Musa,Excellent Trading Company,8052127752.0,customer80@demo-biscuit.com,"Demo Business District, Area 9",Wholesale,2024-05-20,Active,Restricted,0.0,0.0,14 Aug 2026,
CUST-000081,Muhammad Shehu,Premium Wholesale Stores,8059457476.0,customer81@demo-biscuit.com,"Demo Business District, Area 7",Wholesale,2024-11-21,Active,Restricted,0.0,0.0,14 Aug 2026,
CUST-000082,Usman Lawal,Sunrise Trading Enterprise,8042791500.0,customer82@demo-biscuit.com,"Demo Business District, Area 7",Wholesale,2026-05-23,Active,Good,0.0,0.0,14 Aug 2026,
CUST-000083,Fatima Hassan,Success Wholesale Depot,8014878080.0,customer83@demo-biscuit.com,"Demo Business District, Area 7",Wholesale,2024-07-21,Inactive,Good,0.0,0.0,14 Aug 2026,
CUST-000084,Bello Suleiman,Unity Wholesale Centre,8079187742.0,customer84@demo-biscuit.com,"Demo Business District, Area 21",Distributor,2023-12-01,Active,Good,0.0,0.0,14 Aug 2026,
CUST-000085,Khadija Abubakar,Northern Star Foods & Beverages,8010980168.0,customer85@demo-biscuit.com,"Demo Business District, Area 10",Wholesale,2024-10-20,Active,Review,0.0,0.0,14 Aug 2026,
CUST-000086,Abdullahi Bello,Success Wholesale Stores,8041942283.0,customer86@demo-biscuit.com,"Demo Business District, Area 16",Wholesale,2024-03-27,Active,Restricted,0.0,0.0,14 Aug 2026,
CUST-000087,Umar Yusuf,Excellent Food Distributors,8065499827.0,customer87@demo-biscuit.com,"Demo Business District, Area 13",Distributor,2024-12-22,Active,Review,0.0,0.0,14 Aug 2026,
CUST-000088,Asma'u Kabiru,Golden Basket Distribution Hub,8055243717.0,customer88@demo-biscuit.com,"Demo Business District, Area 13",Wholesale,2025-10-02,Active,Review,0.0,0.0,14 Aug 2026,
CUST-000089,Ibrahim Abdullahi,Trusted Choice Trading Enterprise,8079366151.0,customer89@demo-biscuit.com,"Demo Business District, Area 25",Retailer,2025-11-07,Active,Good,0.0,0.0,14 Aug 2026,
CUST-000090,Asma'u Usman,Golden Basket Trading Company,8060941423.0,customer90@demo-biscuit.com,"Demo Business District, Area 3",Retailer,2024-07-30,Active,Review,0.0,0.0,14 Aug 2026,
CUST-000091,Asma'u Tanko,Trusted Choice Wholesale Stores,8097279915.0,customer91@demo-biscuit.com,"Demo Business District, Area 9",Distributor,2025-11-13,Active,Review,0.0,0.0,14 Aug 2026,
CUST-000092,Yusuf Garba,Premium Distribution Centre,8081303284.0,customer92@demo-biscuit.com,"Demo Business District, Area 1",Retailer,2026-06-15,Active,Good,0.0,0.0,14 Aug 2026,
CUST-000093,Safiya Lawal,Premium Trading Enterprise,8091510863.0,customer93@demo-biscuit.com,"Demo Business District, Area 17",Wholesale,2023-12-02,Active,Good,0.0,0.0,14 Aug 2026,
CUST-000094,Ibrahim Ibrahim,Northern Star Distribution Centre,8012723229.0,customer94@demo-biscuit.com,"Demo Business District, Area 15",Retailer,2024-10-29,Active,Good,356400.0,0.0,14 Aug 2026,
CUST-000095,Aliyu Abdullahi,Diamond Distribution Centre,8069571428.0,customer95@demo-biscuit.com,"Demo Business District, Area 3",Wholesale,2024-02-29,Active,Good,0.0,0.0,14 Aug 2026,
CUST-000096,Bello Lawal,Evergreen Foods & Beverages,8049788007.0,customer96@demo-biscuit.com,"Demo Business District, Area 11",Distributor,2024-03-29,Active,Good,0.0,0.0,14 Aug 2026,
CUST-000097,Hauwa Suleiman,Northern Star General Suppliers,8064139542.0,customer97@demo-biscuit.com,"Demo Business District, Area 8",Wholesale,2024-02-07,Active,Good,0.0,0.0,14 Aug 2026,
CUST-000098,Musa Yusuf,Sunrise Distribution Hub,8092734355.0,customer98@demo-biscuit.com,"Demo Business District, Area 18",Retailer,2025-09-07,Inactive,Restricted,0.0,0.0,14 Aug 2026,
CUST-000099,Aliyu Hassan,Trusted Choice Trading Company,8093375073.0,customer99@demo-biscuit.com,"Demo Business District, Area 7",Wholesale,2025-09-10,Active,Review,408000.0,0.0,14 Aug 2026,
CUST-000100,Asma'u Tanko,Golden Basket Trading Company,8092119212.0,customer100@demo-biscuit.com,"Demo Business District, Area 10",Distributor,2024-06-19,Active,Restricted,210000.0,210000.0,14 Aug 2026,
CUST-000101,Fatima Usman,Excellent Foods & Beverages,8081789402.0,customer101@demo-biscuit.com,"Demo Business District, Area 17",Distributor,2025-09-25,Inactive,Restricted,0.0,0.0,14 Aug 2026,
CUST-000102,Umar Shehu,Victory Food Distributors,8067614636.0,customer102@demo-biscuit.com,"Demo Business District, Area 13",Retailer,2024-10-15,Active,Good,0.0,0.0,14 Aug 2026,
CUST-000103,Zainab Tanko,Sunrise Wholesale Depot,8038897797.0,customer103@demo-biscuit.com,"Demo Business District, Area 6",Retailer,2025-02-27,Inactive,Review,0.0,0.0,14 Aug 2026,
CUST-000104,Aisha Umar,Sunrise Wholesale Stores,8023622906.0,customer104@demo-biscuit.com,"Demo Business District, Area 4",Wholesale,2025-12-04,Active,Good,0.0,0.0,14 Aug 2026,
CUST-000105,Bello Kabiru,Trusted Choice Wholesale Stores,8051688779.0,customer105@demo-biscuit.com,"Demo Business District, Area 1",Retailer,2026-04-06,Active,Good,0.0,0.0,14 Aug 2026,
CUST-000106,Asma'u Ibrahim,Diamond Food Distributors,8035592325.0,customer106@demo-biscuit.com,"Demo Business District, Area 18",Wholesale,2024-02-15,Active,Good,295200.0,0.0,14 Aug 2026,
CUST-000107,Hauwa Umar,Prime Choice Trading Enterprise,8023361977.0,customer107@demo-biscuit.com,"Demo Business District, Area 18",Distributor,2024-04-21,Active,Good,0.0,0.0,14 Aug 2026,
CUST-000108,Ibrahim Abdullahi,Unity Trading Company,8018233182.0,customer108@demo-biscuit.com,"Demo Business District, Area 15",Distributor,2025-03-15,Active,Good,0.0,0.0,14 Aug 2026,
CUST-000109,Abubakar Danjuma,Golden Basket Food Distributors,8080327038.0,customer109@demo-biscuit.com,"Demo Business District, Area 8",Retailer,2025-05-06,Active,Good,338400.0,0.0,14 Aug 2026,
CUST-000110,Usman Abdullahi,Standard Distribution Hub,8068338143.0,customer110@demo-biscuit.com,"Demo Business District, Area 4",Retailer,2024-08-02,Active,Good,0.0,0.0,14 Aug 2026,
CUST-000111,Hadiza Bello,Sunrise Trading Enterprise,8092536111.0,customer111@demo-biscuit.com,"Demo Business District, Area 19",Retailer,2025-08-30,Active,Restricted,107200.0,0.0,14 Aug 2026,
CUST-000112,Fatima Umar,Excellent Food Distributors,8071752358.0,customer112@demo-biscuit.com,"Demo Business District, Area 10",Distributor,2025-05-17,Active,Good,127600.0,0.0,14 Aug 2026,
CUST-000113,Safiya Tanko,Diamond Distribution Hub,8051780902.0,customer113@demo-biscuit.com,"Demo Business District, Area 4",Distributor,2024-02-02,Inactive,Good,0.0,0.0,14 Aug 2026,
CUST-000114,Muhammad Mohammed,Premium Distribution Centre,8095609684.0,customer114@demo-biscuit.com,"Demo Business District, Area 4",Distributor,2024-09-06,Active,Review,0.0,0.0,14 Aug 2026,
CUST-000115,Khadija Danjuma,Premium Trading Company,8067792138.0,customer115@demo-biscuit.com,"Demo Business District, Area 25",Retailer,2024-08-17,Active,Restricted,0.0,0.0,14 Aug 2026,
CUST-000116,Hussaini Tanko,Sunrise Wholesale Depot,8057072007.0,customer116@demo-biscuit.com,"Demo Business District, Area 9",Wholesale,2024-05-04,Active,Good,0.0,0.0,14 Aug 2026,
CUST-000117,Umar Danjuma,Diamond Wholesale Centre,8083107466.0,customer117@demo-biscuit.com,"Demo Business District, Area 2",Retailer,2026-03-18,Active,Review,0.0,0.0,14 Aug 2026,
CUST-000118,Abdullahi Aliyu,Central Market Foods & Beverages,8040719561.0,customer118@demo-biscuit.com,"Demo Business District, Area 6",Wholesale,2026-05-25,Active,Restricted,0.0,0.0,14 Aug 2026,
CUST-000119,Zainab Lawal,Prime Choice Distribution Centre,8027037476.0,customer119@demo-biscuit.com,"Demo Business District, Area 4",Retailer,2024-01-31,Active,Good,0.0,0.0,14 Aug 2026,
CUST-000120,Musa Bello,Success Trading Enterprise,8028378092.0,customer120@demo-biscuit.com,"Demo Business District, Area 15",Wholesale,2024-03-13,Inactive,Good,0.0,0.0,14 Aug 2026,
CUST-000121,Hadiza Garba,Sunrise Wholesale Depot,8016853657.0,customer121@demo-biscuit.com,"Demo Business District, Area 14",Retailer,2025-08-29,Active,Good,0.0,0.0,14 Aug 2026,
CUST-000122,Khadija Suleiman,Golden Basket Distribution Centre,8087059121.0,customer122@demo-biscuit.com,"Demo Business District, Area 14",Distributor,2024-03-25,Active,Review,0.0,0.0,14 Aug 2026,
CUST-000123,Khadija Ibrahim,Victory Wholesale Centre,8035728622.0,customer123@demo-biscuit.com,"Demo Business District, Area 9",Distributor,2024-06-16,Active,Restricted,386600.0,0.0,14 Aug 2026,
CUST-000124,Hauwa Ibrahim,Royal Foods Wholesale Depot,8023831989.0,customer124@demo-biscuit.com,"Demo Business District, Area 7",Wholesale,2025-03-24,Active,Good,0.0,0.0,14 Aug 2026,
CUST-000125,Umar Aliyu,Prime Choice Wholesale Centre,8039373764.0,customer125@demo-biscuit.com,"Demo Business District, Area 7",Distributor,2025-07-31,Active,Good,0.0,0.0,14 Aug 2026,
CUST-000126,Hassan Suleiman,Excellent Trading Enterprise,8056670339.0,customer126@demo-biscuit.com,"Demo Business District, Area 5",Retailer,2026-01-21,Active,Good,0.0,0.0,14 Aug 2026,
CUST-000127,Zainab Hassan,Unity Trading Enterprise,8035643766.0,customer127@demo-biscuit.com,"Demo Business District, Area 7",Distributor,2024-05-27,Active,Good,0.0,0.0,14 Aug 2026,
CUST-000128,Aisha Bello,Success Distribution Centre,8084544554.0,customer128@demo-biscuit.com,"Demo Business District, Area 12",Wholesale,2024-02-28,Active,Good,0.0,0.0,14 Aug 2026,
CUST-000129,Aisha Musa,Success Foods & Beverages,8023871507.0,customer129@demo-biscuit.com,"Demo Business District, Area 7",Wholesale,2025-09-03,Active,Good,0.0,0.0,14 Aug 2026,
CUST-000130,Asma'u Danjuma,Prime Choice Trading Company,8016355989.0,customer130@demo-biscuit.com,"Demo Business District, Area 3",Distributor,2025-09-19,Active,Good,292300.0,0.0,14 Aug 2026,
CUST-000131,Sani Mohammed,Success Wholesale Stores,8094033908.0,customer131@demo-biscuit.com,"Demo Business District, Area 11",Wholesale,2026-04-09,Active,Review,279300.0,270550.0,14 Aug 2026,
CUST-000132,Fatima Danjuma,Unity Wholesale Depot,8087283649.0,customer132@demo-biscuit.com,"Demo Business District, Area 23",Retailer,2025-02-25,Active,Review,0.0,0.0,14 Aug 2026,
CUST-000133,Abubakar Usman,Standard Wholesale Depot,8080436099.0,customer133@demo-biscuit.com,"Demo Business District, Area 12",Wholesale,2024-04-19,Active,Restricted,105300.0,0.0,14 Aug 2026,
CUST-000134,Hadiza Bello,Unity Wholesale Centre,8090315720.0,customer134@demo-biscuit.com,"Demo Business District, Area 2",Distributor,2025-03-18,Active,Review,0.0,0.0,14 Aug 2026,
CUST-000135,Aliyu Sani,Evergreen Wholesale Depot,8040273896.0,customer135@demo-biscuit.com,"Demo Business District, Area 21",Wholesale,2025-12-14,Active,Good,68100.0,0.0,14 Aug 2026,
CUST-000136,Bello Abdullahi,Prime Choice Wholesale Centre,8033175402.0,customer136@demo-biscuit.com,"Demo Business District, Area 13",Retailer,2024-01-03,Active,Good,0.0,0.0,14 Aug 2026,
CUST-000137,Safiya Kabiru,Central Market Distribution Hub,8068534190.0,customer137@demo-biscuit.com,"Demo Business District, Area 18",Distributor,2025-04-28,Active,Good,0.0,0.0,14 Aug 2026,
CUST-000138,Aliyu Aliyu,Standard Wholesale Depot,8086886916.0,customer138@demo-biscuit.com,"Demo Business District, Area 25",Wholesale,2024-07-23,Active,Good,0.0,0.0,14 Aug 2026,
CUST-000139,Hadiza Usman,Evergreen General Suppliers,8021927722.0,customer139@demo-biscuit.com,"Demo Business District, Area 7",Retailer,2024-06-17,Active,Good,0.0,0.0,14 Aug 2026,
CUST-000140,Ibrahim Lawal,Golden Basket General Suppliers,8093516853.0,customer140@demo-biscuit.com,"Demo Business District, Area 14",Retailer,2025-03-24,Active,Good,0.0,0.0,14 Aug 2026,
CUST-000141,Abdullahi Garba,Evergreen Trading Enterprise,8072328931.0,customer141@demo-biscuit.com,"Demo Business District, Area 11",Retailer,2024-08-01,Active,Review,144000.0,0.0,14 Aug 2026,
CUST-000142,Fatima Ahmad,Sunrise Wholesale Depot,8047600699.0,customer142@demo-biscuit.com,"Demo Business District, Area 4",Distributor,2024-07-22,Active,Restricted,204600.0,0.0,14 Aug 2026,
CUST-000143,Ahmed Yusuf,Trusted Choice Distribution Centre,8046264975.0,customer143@demo-biscuit.com,"Demo Business District, Area 1",Distributor,2024-08-18,Active,Good,0.0,0.0,14 Aug 2026,
CUST-000144,Maryam Hassan,Victory Trading Company,8083755576.0,customer144@demo-biscuit.com,"Demo Business District, Area 5",Distributor,2025-10-15,Active,Review,0.0,0.0,14 Aug 2026,
CUST-000145,Muhammad Umar,Sunrise Trading Enterprise,8011022130.0,customer145@demo-biscuit.com,"Demo Business District, Area 24",Retailer,2024-12-19,Active,Good,0.0,0.0,14 Aug 2026,
CUST-000146,Abubakar Abdullahi,Evergreen Wholesale Centre,8075705310.0,customer146@demo-biscuit.com,"Demo Business District, Area 2",Retailer,2024-05-18,Active,Restricted,0.0,0.0,14 Aug 2026,
CUST-000147,Musa Lawal,Victory Wholesale Centre,8036953492.0,customer147@demo-biscuit.com,"Demo Business District, Area 8",Wholesale,2026-06-05,Active,Review,341800.0,85550.0,14 Aug 2026,
CUST-000148,Abubakar Mohammed,Northern Star Foods & Beverages,8081010270.0,customer148@demo-biscuit.com,"Demo Business District, Area 23",Retailer,2024-05-18,Active,Review,0.0,0.0,14 Aug 2026,
CUST-000149,Safiya Aliyu,Standard Trading Enterprise,8021223621.0,customer149@demo-biscuit.com,"Demo Business District, Area 3",Wholesale,2026-07-09,Active,Good,0.0,0.0,14 Aug 2026,
CUST-000150,Yusuf Ahmad,Royal Foods Wholesale Centre,8037671495.0,customer150@demo-biscuit.com,"Demo Business District, Area 1",Wholesale,2026-07-07,Active,Good,0.0,0.0,14 Aug 2026,
CUST-000151,Aliyu Mohammed,Victory Trading Company,8055259240.0,customer151@demo-biscuit.com,"Demo Business District, Area 12",Wholesale,2026-01-13,Inactive,Good,574400.0,0.0,14 Aug 2026,
CUST-000152,Abubakar Bello,Success Distribution Hub,8022558464.0,customer152@demo-biscuit.com,"Demo Business District, Area 5",Distributor,2024-05-11,Inactive,Review,0.0,0.0,14 Aug 2026,
CUST-000153,Aisha Abdullahi,Standard Wholesale Depot,8093080698.0,customer153@demo-biscuit.com,"Demo Business District, Area 6",Distributor,2025-12-18,Inactive,Restricted,0.0,0.0,14 Aug 2026,
CUST-000154,Ibrahim Mohammed,Royal Foods Trading Company,8023523163.0,customer154@demo-biscuit.com,"Demo Business District, Area 17",Wholesale,2025-05-11,Active,Good,448000.0,0.0,14 Aug 2026,
CUST-000155,Zainab Sani,Golden Basket Distribution Centre,8075626385.0,customer155@demo-biscuit.com,"Demo Business District, Area 1",Retailer,2024-09-01,Active,Review,0.0,0.0,14 Aug 2026,
CUST-000156,Hussaini Usman,Central Market Wholesale Stores,8054261798.0,customer156@demo-biscuit.com,"Demo Business District, Area 4",Distributor,2025-06-05,Active,Review,381300.0,0.0,14 Aug 2026,
CUST-000157,Fatima Ibrahim,Success Wholesale Depot,8022227455.0,customer157@demo-biscuit.com,"Demo Business District, Area 5",Retailer,2025-10-15,Active,Review,0.0,0.0,14 Aug 2026,
CUST-000158,Asma'u Umar,Sunrise Foods & Beverages,8030327749.0,customer158@demo-biscuit.com,"Demo Business District, Area 17",Wholesale,2024-04-04,Active,Restricted,0.0,0.0,14 Aug 2026,
CUST-000159,Muhammad Kabiru,Victory Distribution Hub,8051624168.0,customer159@demo-biscuit.com,"Demo Business District, Area 5",Wholesale,2024-10-06,Active,Good,79400.0,0.0,14 Aug 2026,
CUST-000160,Rukayya Garba,Golden Basket Food Distributors,8013388362.0,customer160@demo-biscuit.com,"Demo Business District, Area 22",Wholesale,2024-04-19,Inactive,Good,0.0,0.0,14 Aug 2026,
CUST-000161,Abubakar Aliyu,Northern Star Trading Enterprise,8011474182.0,customer161@demo-biscuit.com,"Demo Business District, Area 10",Retailer,2026-03-11,Active,Good,605200.0,605200.0,14 Aug 2026,
CUST-000162,Bello Suleiman,Northern Star Trading Enterprise,8033894407.0,customer162@demo-biscuit.com,"Demo Business District, Area 13",Wholesale,2024-11-16,Active,Review,0.0,0.0,14 Aug 2026,
CUST-000163,Rukayya Mohammed,Unity Trading Company,8072783925.0,customer163@demo-biscuit.com,"Demo Business District, Area 13",Retailer,2024-08-02,Active,Restricted,392000.0,0.0,14 Aug 2026,
CUST-000164,Ahmed Sani,Evergreen Distribution Centre,8035553527.0,customer164@demo-biscuit.com,"Demo Business District, Area 17",Distributor,2025-07-26,Active,Good,0.0,0.0,14 Aug 2026,
CUST-000165,Bello Musa,Northern Star Distribution Hub,8087842906.0,customer165@demo-biscuit.com,"Demo Business District, Area 13",Wholesale,2024-11-06,Active,Good,155400.0,0.0,14 Aug 2026,
CUST-000166,Abdullahi Yusuf,Golden Basket Trading Company,8053025755.0,customer166@demo-biscuit.com,"Demo Business District, Area 2",Distributor,2026-05-08,Active,Good,0.0,0.0,14 Aug 2026,
CUST-000167,Musa Musa,Evergreen Wholesale Centre,8073691735.0,customer167@demo-biscuit.com,"Demo Business District, Area 3",Distributor,2024-09-22,Active,Good,0.0,0.0,14 Aug 2026,
CUST-000168,Hadiza Hassan,Royal Foods General Suppliers,8084342000.0,customer168@demo-biscuit.com,"Demo Business District, Area 12",Retailer,2026-06-08,Inactive,Restricted,0.0,0.0,14 Aug 2026,
CUST-000169,Khadija Danjuma,Excellent Wholesale Centre,8061930323.0,customer169@demo-biscuit.com,"Demo Business District, Area 3",Wholesale,2026-06-02,Active,Good,0.0,0.0,14 Aug 2026,
CUST-000170,Ahmed Umar,Trusted Choice Wholesale Centre,8010249447.0,customer170@demo-biscuit.com,"Demo Business District, Area 12",Wholesale,2024-07-09,Active,Good,0.0,0.0,14 Aug 2026,
CUST-000171,Abdullahi Suleiman,Success Distribution Hub,8078479872.0,customer171@demo-biscuit.com,"Demo Business District, Area 7",Retailer,2025-09-22,Active,Restricted,314000.0,0.0,14 Aug 2026,
CUST-000172,Muhammad Ahmad,Golden Basket General Suppliers,8040480829.0,customer172@demo-biscuit.com,"Demo Business District, Area 12",Retailer,2024-04-17,Active,Good,0.0,0.0,14 Aug 2026,
CUST-000173,Rukayya Ibrahim,Golden Basket Distribution Hub,8099215862.0,customer173@demo-biscuit.com,"Demo Business District, Area 23",Wholesale,2025-06-23,Active,Review,0.0,0.0,14 Aug 2026,
CUST-000174,Zainab Lawal,Diamond Food Distributors,8033002231.0,customer174@demo-biscuit.com,"Demo Business District, Area 10",Wholesale,2024-03-03,Active,Restricted,0.0,0.0,14 Aug 2026,
CUST-000175,Safiya Usman,Central Market Distribution Hub,8019454289.0,customer175@demo-biscuit.com,"Demo Business District, Area 21",Distributor,2024-07-22,Active,Restricted,0.0,0.0,14 Aug 2026,
CUST-000176,Khadija Abubakar,Central Market Foods & Beverages,8015302065.0,customer176@demo-biscuit.com,"Demo Business District, Area 9",Retailer,2024-03-16,Active,Good,0.0,0.0,14 Aug 2026,
CUST-000177,Yusuf Kabiru,Royal Foods Food Distributors,8048204430.0,customer177@demo-biscuit.com,"Demo Business District, Area 19",Retailer,2025-06-06,Active,Review,510900.0,510900.0,14 Aug 2026,
CUST-000178,Muhammad Tanko,Sunrise Wholesale Centre,8040638780.0,customer178@demo-biscuit.com,"Demo Business District, Area 7",Distributor,2025-02-08,Active,Restricted,79200.0,0.0,14 Aug 2026,
CUST-000179,Usman Aliyu,Excellent Trading Company,8090570186.0,customer179@demo-biscuit.com,"Demo Business District, Area 13",Distributor,2025-09-29,Active,Good,349600.0,0.0,14 Aug 2026,
CUST-000180,Aliyu Kabiru,Central Market Wholesale Centre,8065985879.0,customer180@demo-biscuit.com,"Demo Business District, Area 18",Wholesale,2025-11-06,Active,Review,545500.0,0.0,14 Aug 2026,
CUST-000181,Aliyu Abdullahi,Diamond Wholesale Depot,8020708628.0,customer181@demo-biscuit.com,"Demo Business District, Area 14",Distributor,2024-06-30,Active,Restricted,0.0,0.0,14 Aug 2026,
CUST-000182,Abubakar Abubakar,Excellent Wholesale Stores,8067814425.0,customer182@demo-biscuit.com,"Demo Business District, Area 6",Wholesale,2024-04-10,Active,Good,89000.0,0.0,14 Aug 2026,
CUST-000183,Maryam Suleiman,Success Trading Company,8092748429.0,customer183@demo-biscuit.com,"Demo Business District, Area 16",Distributor,2026-04-15,Active,Good,616000.0,0.0,14 Aug 2026,
CUST-000184,Muhammad Tanko,Excellent Distribution Centre,8078374563.0,customer184@demo-biscuit.com,"Demo Business District, Area 5",Distributor,2026-01-24,Active,Review,0.0,0.0,14 Aug 2026,
CUST-000185,Muhammad Bello,Unity Food Distributors,8051941310.0,customer185@demo-biscuit.com,"Demo Business District, Area 6",Retailer,2025-02-19,Inactive,Good,0.0,0.0,14 Aug 2026,
CUST-000186,Abubakar Aliyu,Evergreen Distribution Hub,8072680196.0,customer186@demo-biscuit.com,"Demo Business District, Area 25",Distributor,2025-04-21,Active,Review,0.0,0.0,14 Aug 2026,
CUST-000187,Aliyu Hassan,Royal Foods Distribution Hub,8073692578.0,customer187@demo-biscuit.com,"Demo Business District, Area 15",Retailer,2025-04-12,Inactive,Good,0.0,0.0,14 Aug 2026,
CUST-000188,Ibrahim Garba,Prime Choice Wholesale Depot,8069333981.0,customer188@demo-biscuit.com,"Demo Business District, Area 21",Wholesale,2024-04-27,Inactive,Review,0.0,0.0,14 Aug 2026,
CUST-000189,Bello Ibrahim,Unity Wholesale Depot,8087238458.0,customer189@demo-biscuit.com,"Demo Business District, Area 2",Wholesale,2024-04-19,Active,Good,0.0,0.0,14 Aug 2026,
CUST-000190,Usman Bello,Golden Basket Food Distributors,8031090036.0,customer190@demo-biscuit.com,"Demo Business District, Area 6",Retailer,2025-03-25,Active,Good,0.0,0.0,14 Aug 2026,
CUST-000191,Fatima Mohammed,Victory Trading Enterprise,8059850739.0,customer191@demo-biscuit.com,"Demo Business District, Area 22",Wholesale,2026-06-16,Active,Restricted,0.0,0.0,14 Aug 2026,
CUST-000192,Umar Ibrahim,Premium Distribution Hub,8061711303.0,customer192@demo-biscuit.com,"Demo Business District, Area 11",Wholesale,2025-02-22,Inactive,Restricted,214200.0,0.0,14 Aug 2026,
CUST-000193,Sani Abubakar,Prime Choice Trading Company,8030192982.0,customer193@demo-biscuit.com,"Demo Business District, Area 14",Retailer,2024-02-15,Active,Review,0.0,0.0,14 Aug 2026,
CUST-000194,Rukayya Hassan,Trusted Choice Wholesale Centre,8048517773.0,customer194@demo-biscuit.com,"Demo Business District, Area 14",Wholesale,2026-06-11,Inactive,Review,153700.0,153700.0,14 Aug 2026,
CUST-000195,Umar Suleiman,Central Market Wholesale Depot,8094752939.0,customer195@demo-biscuit.com,"Demo Business District, Area 9",Retailer,2024-07-15,Inactive,Good,0.0,0.0,14 Aug 2026,
CUST-000196,Musa Garba,Excellent Trading Enterprise,8018587366.0,customer196@demo-biscuit.com,"Demo Business District, Area 12",Wholesale,2025-05-02,Active,Good,0.0,0.0,14 Aug 2026,
CUST-000197,Hadiza Abdullahi,Excellent General Suppliers,8054508967.0,customer197@demo-biscuit.com,"Demo Business District, Area 21",Distributor,2024-05-08,Inactive,Review,0.0,0.0,14 Aug 2026,
CUST-000198,Ibrahim Abdullahi,Prime Choice Wholesale Centre,8048347255.0,customer198@demo-biscuit.com,"Demo Business District, Area 9",Wholesale,2025-09-01,Active,Good,0.0,0.0,14 Aug 2026,
CUST-000199,Umar Sani,Trusted Choice Trading Company,8095233683.0,customer199@demo-biscuit.com,"Demo Business District, Area 5",Distributor,2024-05-30,Active,Good,0.0,0.0,14 Aug 2026,
CUST-000200,Asma'u Umar,Trusted Choice Foods & Beverages,8032044720.0,customer200@demo-biscuit.com,"Demo Business District, Area 21",Retailer,2024-03-04,Active,Restricted,0.0,0.0,14 Aug 2026,
CUST-000201,Khadija Ahmad,Premium Wholesale Centre,8020160097.0,customer201@demo-biscuit.com,"Demo Business District, Area 10",Distributor,2026-01-12,Active,Review,0.0,0.0,14 Aug 2026,
CUST-000202,Khadija Yusuf,Royal Foods Food Distributors,8022897913.0,customer202@demo-biscuit.com,"Demo Business District, Area 14",Retailer,2025-01-23,Active,Good,0.0,0.0,14 Aug 2026,
CUST-000203,Ahmed Hassan,Diamond Foods & Beverages,8088144268.0,customer203@demo-biscuit.com,"Demo Business District, Area 9",Distributor,2024-11-01,Inactive,Good,0.0,0.0,14 Aug 2026,
CUST-000204,Rukayya Aliyu,Trusted Choice Wholesale Depot,8028485245.0,customer204@demo-biscuit.com,"Demo Business District, Area 25",Retailer,2025-08-13,Active,Restricted,188200.0,0.0,14 Aug 2026,
CUST-000205,Abdullahi Usman,Victory Food Distributors,8038770344.0,customer205@demo-biscuit.com,"Demo Business District, Area 9",Wholesale,2026-06-15,Active,Review,0.0,0.0,14 Aug 2026,
CUST-000206,Ibrahim Mohammed,Trusted Choice Trading Company,8048470872.0,customer206@demo-biscuit.com,"Demo Business District, Area 6",Distributor,2025-05-16,Active,Restricted,126900.0,0.0,14 Aug 2026,
CUST-000207,Zainab Sani,Unity Foods & Beverages,8092147548.0,customer207@demo-biscuit.com,"Demo Business District, Area 3",Retailer,2023-12-13,Active,Good,0.0,0.0,14 Aug 2026,
CUST-000208,Safiya Abdullahi,Diamond Foods & Beverages,8084539884.0,customer208@demo-biscuit.com,"Demo Business District, Area 17",Distributor,2024-09-24,Active,Restricted,32900.0,0.0,14 Aug 2026,
CUST-000209,Ibrahim Suleiman,Northern Star Foods & Beverages,8079744801.0,customer209@demo-biscuit.com,"Demo Business District, Area 14",Retailer,2024-03-20,Active,Good,0.0,0.0,14 Aug 2026,
CUST-000210,Khadija Hassan,Northern Star Food Distributors,8024053541.0,customer210@demo-biscuit.com,"Demo Business District, Area 9",Retailer,2026-01-03,Inactive,Good,0.0,0.0,14 Aug 2026,
CUST-000211,Abdullahi Aliyu,Victory Trading Enterprise,8068822936.0,customer211@demo-biscuit.com,"Demo Business District, Area 18",Retailer,2026-03-21,Active,Good,0.0,0.0,14 Aug 2026,
CUST-000212,Safiya Hassan,Evergreen Food Distributors,8029680932.0,customer212@demo-biscuit.com,"Demo Business District, Area 1",Distributor,2026-01-06,Inactive,Good,74000.0,0.0,14 Aug 2026,
CUST-000213,Zainab Usman,Golden Basket Wholesale Depot,8093923216.0,customer213@demo-biscuit.com,"Demo Business District, Area 15",Retailer,2024-05-24,Inactive,Review,75100.0,0.0,14 Aug 2026,
CUST-000214,Zainab Bello,Standard Trading Company,8044045667.0,customer214@demo-biscuit.com,"Demo Business District, Area 19",Distributor,2024-12-03,Inactive,Review,0.0,0.0,14 Aug 2026,
CUST-000215,Hadiza Sani,Diamond Distribution Centre,8052478730.0,customer215@demo-biscuit.com,"Demo Business District, Area 16",Distributor,2025-08-01,Active,Review,0.0,0.0,14 Aug 2026,
CUST-000216,Muhammad Shehu,Trusted Choice Foods & Beverages,8099196761.0,customer216@demo-biscuit.com,"Demo Business District, Area 23",Retailer,2024-08-19,Active,Review,847500.0,534750.0,14 Aug 2026,
CUST-000217,Abubakar Suleiman,Excellent Trading Company,8035135015.0,customer217@demo-biscuit.com,"Demo Business District, Area 9",Retailer,2024-05-10,Active,Restricted,0.0,0.0,14 Aug 2026,
CUST-000218,Bello Bello,Diamond Trading Company,8095010894.0,customer218@demo-biscuit.com,"Demo Business District, Area 9",Distributor,2026-06-01,Active,Good,0.0,0.0,14 Aug 2026,
CUST-000219,Muhammad Bello,Premium Trading Enterprise,8037446983.0,customer219@demo-biscuit.com,"Demo Business District, Area 25",Distributor,2025-08-14,Active,Good,0.0,0.0,14 Aug 2026,
CUST-000220,Abubakar Usman,Excellent Wholesale Centre,8055336287.0,customer220@demo-biscuit.com,"Demo Business District, Area 23",Distributor,2025-09-08,Active,Review,0.0,0.0,14 Aug 2026,
CUST-000221,Maryam Bello,Northern Star Trading Enterprise,8092046860.0,customer221@demo-biscuit.com,"Demo Business District, Area 7",Distributor,2024-06-17,Inactive,Good,0.0,0.0,14 Aug 2026,
CUST-000222,Ahmed Lawal,Prime Choice Trading Company,8052885434.0,customer222@demo-biscuit.com,"Demo Business District, Area 4",Distributor,2026-03-15,Active,Restricted,0.0,0.0,14 Aug 2026,
CUST-000223,Sani Abubakar,Unity Wholesale Stores,8051080398.0,customer223@demo-biscuit.com,"Demo Business District, Area 16",Distributor,2026-04-28,Active,Review,0.0,0.0,14 Aug 2026,
CUST-000224,Sani Ibrahim,Royal Foods Trading Enterprise,8083881997.0,customer224@demo-biscuit.com,"Demo Business District, Area 16",Wholesale,2025-03-11,Active,Good,0.0,0.0,14 Aug 2026,
CUST-000225,Usman Lawal,Central Market Foods & Beverages,8086686972.0,customer225@demo-biscuit.com,"Demo Business District, Area 25",Wholesale,2025-05-15,Active,Good,0.0,0.0,14 Aug 2026,
CUST-000226,Fatima Umar,Central Market General Suppliers,8036421875.0,customer226@demo-biscuit.com,"Demo Business District, Area 11",Wholesale,2024-12-01,Active,Restricted,0.0,0.0,14 Aug 2026,
CUST-000227,Hadiza Mohammed,Success Wholesale Stores,8054820406.0,customer227@demo-biscuit.com,"Demo Business District, Area 16",Wholesale,2025-09-28,Active,Good,0.0,0.0,14 Aug 2026,
CUST-000228,Hussaini Suleiman,Sunrise Food Distributors,8058782078.0,customer228@demo-biscuit.com,"Demo Business District, Area 23",Wholesale,2026-02-11,Active,Good,0.0,0.0,14 Aug 2026,
CUST-000229,Khadija Ibrahim,Sunrise Wholesale Depot,8062043866.0,customer229@demo-biscuit.com,"Demo Business District, Area 6",Wholesale,2025-06-06,Inactive,Good,0.0,0.0,14 Aug 2026,
CUST-000230,Zainab Yusuf,Trusted Choice Distribution Centre,8016507542.0,customer230@demo-biscuit.com,"Demo Business District, Area 23",Wholesale,2025-07-10,Active,Restricted,70000.0,0.0,14 Aug 2026,
CUST-000231,Hadiza Aliyu,Trusted Choice Distribution Centre,8022525293.0,customer231@demo-biscuit.com,"Demo Business District, Area 21",Distributor,2025-02-06,Active,Good,725600.0,0.0,14 Aug 2026,
CUST-000232,Muhammad Musa,Diamond Trading Enterprise,8058967724.0,customer232@demo-biscuit.com,"Demo Business District, Area 11",Distributor,2025-04-10,Active,Good,0.0,0.0,14 Aug 2026,
CUST-000233,Sani Hassan,Excellent Wholesale Stores,8032821214.0,customer233@demo-biscuit.com,"Demo Business District, Area 5",Retailer,2025-05-31,Active,Good,178100.0,0.0,14 Aug 2026,
CUST-000234,Hauwa Musa,Excellent Distribution Centre,8045903587.0,customer234@demo-biscuit.com,"Demo Business District, Area 7",Retailer,2026-07-14,Active,Restricted,0.0,0.0,14 Aug 2026,
CUST-000235,Safiya Abdullahi,Evergreen Food Distributors,8069214821.0,customer235@demo-biscuit.com,"Demo Business District, Area 12",Wholesale,2025-08-16,Active,Good,0.0,0.0,14 Aug 2026,
CUST-000236,Hassan Suleiman,Standard General Suppliers,8098754769.0,customer236@demo-biscuit.com,"Demo Business District, Area 12",Distributor,2026-04-24,Inactive,Restricted,44800.0,0.0,14 Aug 2026,
CUST-000237,Hussaini Shehu,Premium General Suppliers,8082488943.0,customer237@demo-biscuit.com,"Demo Business District, Area 3",Retailer,2025-03-26,Active,Good,0.0,0.0,14 Aug 2026,
CUST-000238,Safiya Danjuma,Prime Choice General Suppliers,8097866859.0,customer238@demo-biscuit.com,"Demo Business District, Area 8",Retailer,2025-04-12,Active,Good,0.0,0.0,14 Aug 2026,
CUST-000239,Mustapha Ahmad,Northern Star Wholesale Depot,8025241143.0,customer239@demo-biscuit.com,"Demo Business District, Area 22",Distributor,2024-04-12,Inactive,Good,0.0,0.0,14 Aug 2026,
CUST-000240,Hadiza Abubakar,Sunrise Trading Enterprise,8084826378.0,customer240@demo-biscuit.com,"Demo Business District, Area 23",Wholesale,2026-01-06,Active,Review,0.0,0.0,14 Aug 2026,
CUST-000241,Hussaini Yusuf,Diamond Wholesale Centre,8077204743.0,customer241@demo-biscuit.com,"Demo Business District, Area 1",Retailer,2024-12-09,Active,Restricted,0.0,0.0,14 Aug 2026,
CUST-000242,Aliyu Umar,Diamond Trading Company,8047277612.0,customer242@demo-biscuit.com,"Demo Business District, Area 11",Wholesale,2026-02-02,Active,Good,0.0,0.0,14 Aug 2026,
CUST-000243,Yusuf Danjuma,Unity Wholesale Stores,8048917718.0,customer243@demo-biscuit.com,"Demo Business District, Area 23",Wholesale,2024-08-05,Active,Review,0.0,0.0,14 Aug 2026,
CUST-000244,Usman Aliyu,Prime Choice Foods & Beverages,8023752183.0,customer244@demo-biscuit.com,"Demo Business District, Area 11",Retailer,2026-02-11,Active,Review,0.0,0.0,14 Aug 2026,
CUST-000245,Khadija Usman,Diamond Food Distributors,8030688261.0,customer245@demo-biscuit.com,"Demo Business District, Area 14",Distributor,2026-06-23,Active,Restricted,477000.0,0.0,14 Aug 2026,
CUST-000246,Asma'u Bello,Excellent Wholesale Stores,8036086500.0,customer246@demo-biscuit.com,"Demo Business District, Area 17",Retailer,2025-12-02,Active,Restricted,0.0,0.0,14 Aug 2026,
CUST-000247,Hauwa Abdullahi,Diamond Trading Company,8070166957.0,customer247@demo-biscuit.com,"Demo Business District, Area 11",Wholesale,2025-02-19,Active,Review,0.0,0.0,14 Aug 2026,
CUST-000248,Abubakar Sani,Sunrise Distribution Centre,8050854133.0,customer248@demo-biscuit.com,"Demo Business District, Area 9",Distributor,2023-12-08,Active,Restricted,0.0,0.0,14 Aug 2026,
CUST-000249,Bello Ahmad,Royal Foods Trading Company,8070967723.0,customer249@demo-biscuit.com,"Demo Business District, Area 23",Distributor,2025-04-28,Active,Good,0.0,0.0,14 Aug 2026,
CUST-000250,Hassan Ibrahim,Royal Foods Food Distributors,8034240782.0,customer250@demo-biscuit.com,"Demo Business District, Area 14",Distributor,2024-08-25,Inactive,Good,0.0,0.0,14 Aug 2026,
CUST-000251,Bello Usman,Central Market Trading Company,8076106369.0,customer251@demo-biscuit.com,"Demo Business District, Area 16",Distributor,2024-09-01,Active,Good,264600.0,132300.0,14 Aug 2026,
CUST-000252,Khadija Mohammed,Diamond Foods & Beverages,8062233167.0,customer252@demo-biscuit.com,"Demo Business District, Area 22",Retailer,2024-03-19,Active,Good,124000.0,0.0,14 Aug 2026,
CUST-000253,Hassan Hassan,Sunrise Trading Enterprise,8077935736.0,customer253@demo-biscuit.com,"Demo Business District, Area 8",Retailer,2025-12-10,Active,Review,0.0,0.0,14 Aug 2026,
CUST-000254,Zainab Umar,Success Wholesale Centre,8095950083.0,customer254@demo-biscuit.com,"Demo Business District, Area 10",Distributor,2024-12-02,Active,Good,0.0,0.0,14 Aug 2026,
CUST-000255,Sani Umar,Prime Choice Food Distributors,8077380724.0,customer255@demo-biscuit.com,"Demo Business District, Area 23",Retailer,2024-05-31,Active,Good,244500.0,122250.0,14 Aug 2026,
CUST-000256,Safiya Mohammed,Standard Trading Enterprise,8057138767.0,customer256@demo-biscuit.com,"Demo Business District, Area 3",Distributor,2024-04-17,Active,Review,0.0,0.0,14 Aug 2026,
CUST-000257,Asma'u Umar,Trusted Choice Wholesale Depot,8053690329.0,customer257@demo-biscuit.com,"Demo Business District, Area 4",Retailer,2025-04-20,Active,Review,0.0,0.0,14 Aug 2026,
CUST-000258,Ahmed Danjuma,Standard Wholesale Centre,8098134002.0,customer258@demo-biscuit.com,"Demo Business District, Area 6",Wholesale,2025-06-11,Active,Good,0.0,0.0,14 Aug 2026,
CUST-000259,Bello Kabiru,Diamond General Suppliers,8067292337.0,customer259@demo-biscuit.com,"Demo Business District, Area 20",Distributor,2025-03-09,Active,Review,0.0,0.0,14 Aug 2026,
CUST-000260,Maryam Abubakar,Victory General Suppliers,8023338909.0,customer260@demo-biscuit.com,"Demo Business District, Area 19",Wholesale,2025-02-05,Active,Good,0.0,0.0,14 Aug 2026,
CUST-000261,Hauwa Kabiru,Royal Foods Trading Company,8091992882.0,customer261@demo-biscuit.com,"Demo Business District, Area 13",Retailer,2024-01-22,Active,Good,0.0,0.0,14 Aug 2026,
CUST-000262,Hassan Shehu,Evergreen Distribution Centre,8083974314.0,customer262@demo-biscuit.com,"Demo Business District, Area 10",Wholesale,2024-09-22,Inactive,Good,0.0,0.0,14 Aug 2026,
CUST-000263,Aisha Suleiman,Golden Basket Food Distributors,8038972114.0,customer263@demo-biscuit.com,"Demo Business District, Area 20",Retailer,2024-05-09,Active,Good,0.0,0.0,14 Aug 2026,
CUST-000264,Hassan Abdullahi,Golden Basket Wholesale Depot,8068548311.0,customer264@demo-biscuit.com,"Demo Business District, Area 8",Wholesale,2025-01-13,Active,Good,0.0,0.0,14 Aug 2026,
CUST-000265,Sani Shehu,Prime Choice Distribution Centre,8070330689.0,customer265@demo-biscuit.com,"Demo Business District, Area 14",Wholesale,2024-03-25,Active,Good,0.0,0.0,14 Aug 2026,
CUST-000266,Aisha Usman,Northern Star Foods & Beverages,8089315290.0,customer266@demo-biscuit.com,"Demo Business District, Area 4",Retailer,2025-06-03,Active,Good,0.0,0.0,14 Aug 2026,
CUST-000267,Aliyu Umar,Central Market Distribution Centre,8070663489.0,customer267@demo-biscuit.com,"Demo Business District, Area 18",Wholesale,2024-01-15,Inactive,Review,0.0,0.0,14 Aug 2026,
CUST-000268,Hassan Usman,Evergreen Foods & Beverages,8094235974.0,customer268@demo-biscuit.com,"Demo Business District, Area 9",Retailer,2024-08-02,Active,Good,0.0,0.0,14 Aug 2026,
CUST-000269,Ahmed Umar,Unity Wholesale Depot,8053939894.0,customer269@demo-biscuit.com,"Demo Business District, Area 3",Wholesale,2023-12-23,Inactive,Review,0.0,0.0,14 Aug 2026,
CUST-000270,Mustapha Musa,Central Market General Suppliers,8021247750.0,customer270@demo-biscuit.com,"Demo Business District, Area 13",Distributor,2024-01-07,Inactive,Good,0.0,0.0,14 Aug 2026,
CUST-000271,Hauwa Kabiru,Victory Wholesale Depot,8068446144.0,customer271@demo-biscuit.com,"Demo Business District, Area 6",Distributor,2026-04-26,Active,Good,0.0,0.0,14 Aug 2026,
CUST-000272,Fatima Sani,Northern Star General Suppliers,8078881118.0,customer272@demo-biscuit.com,"Demo Business District, Area 15",Distributor,2025-07-04,Active,Good,112100.0,0.0,14 Aug 2026,
CUST-000273,Abubakar Shehu,Northern Star Distribution Hub,8070912793.0,customer273@demo-biscuit.com,"Demo Business District, Area 12",Retailer,2025-04-08,Active,Restricted,43000.0,0.0,14 Aug 2026,
CUST-000274,Zainab Abubakar,Excellent Trading Enterprise,8023412902.0,customer274@demo-biscuit.com,"Demo Business District, Area 2",Wholesale,2026-02-27,Active,Good,0.0,0.0,14 Aug 2026,
CUST-000275,Abubakar Kabiru,Evergreen General Suppliers,8077017580.0,customer275@demo-biscuit.com,"Demo Business District, Area 16",Wholesale,2026-04-22,Active,Good,0.0,0.0,14 Aug 2026,
CUST-000276,Aisha Danjuma,Golden Basket Wholesale Stores,8045894128.0,customer276@demo-biscuit.com,"Demo Business District, Area 12",Retailer,2024-02-19,Active,Good,747000.0,0.0,14 Aug 2026,
CUST-000277,Ibrahim Aliyu,Prime Choice Wholesale Stores,8051903747.0,customer277@demo-biscuit.com,"Demo Business District, Area 7",Retailer,2026-01-02,Active,Review,197800.0,0.0,14 Aug 2026,
CUST-000278,Muhammad Musa,Prime Choice Distribution Hub,8060901527.0,customer278@demo-biscuit.com,"Demo Business District, Area 13",Wholesale,2024-01-11,Active,Good,0.0,0.0,14 Aug 2026,
CUST-000279,Ahmed Abdullahi,Unity Wholesale Depot,8030385560.0,customer279@demo-biscuit.com,"Demo Business District, Area 18",Distributor,2026-03-02,Active,Good,0.0,0.0,14 Aug 2026,
CUST-000280,Aisha Musa,Prime Choice Foods & Beverages,8027187073.0,customer280@demo-biscuit.com,"Demo Business District, Area 14",Distributor,2025-07-16,Active,Good,0.0,0.0,14 Aug 2026,
CUST-000281,Maryam Bello,Royal Foods Wholesale Stores,8061387040.0,customer281@demo-biscuit.com,"Demo Business District, Area 22",Wholesale,2024-01-08,Active,Good,134000.0,0.0,14 Aug 2026,
CUST-000282,Sani Umar,Victory Wholesale Depot,8042778187.0,customer282@demo-biscuit.com,"Demo Business District, Area 21",Retailer,2026-02-25,Active,Good,0.0,0.0,14 Aug 2026,
CUST-000283,Aliyu Mohammed,Royal Foods Distribution Centre,8016325197.0,customer283@demo-biscuit.com,"Demo Business District, Area 6",Wholesale,2024-12-09,Active,Restricted,119000.0,0.0,14 Aug 2026,
CUST-000284,Usman Garba,Central Market Distribution Hub,8040781314.0,customer284@demo-biscuit.com,"Demo Business District, Area 11",Wholesale,2023-11-25,Active,Review,0.0,0.0,14 Aug 2026,
CUST-000285,Ahmed Sani,Northern Star Wholesale Stores,8085588247.0,customer285@demo-biscuit.com,"Demo Business District, Area 25",Wholesale,2024-12-02,Inactive,Review,0.0,0.0,14 Aug 2026,
CUST-000286,Musa Kabiru,Standard Wholesale Depot,8029243493.0,customer286@demo-biscuit.com,"Demo Business District, Area 4",Wholesale,2024-01-29,Active,Good,0.0,0.0,14 Aug 2026,
CUST-000287,Hadiza Sani,Sunrise Wholesale Stores,8053906471.0,customer287@demo-biscuit.com,"Demo Business District, Area 9",Distributor,2026-06-09,Active,Good,0.0,0.0,14 Aug 2026,
CUST-000288,Mustapha Lawal,Golden Basket Trading Enterprise,8034806604.0,customer288@demo-biscuit.com,"Demo Business District, Area 22",Distributor,2026-04-02,Active,Review,0.0,0.0,14 Aug 2026,
CUST-000289,Zainab Hassan,Central Market Wholesale Depot,8044262006.0,customer289@demo-biscuit.com,"Demo Business District, Area 21",Distributor,2026-05-06,Inactive,Good,0.0,0.0,14 Aug 2026,
CUST-000290,Aisha Musa,Excellent General Suppliers,8039481722.0,customer290@demo-biscuit.com,"Demo Business District, Area 24",Distributor,2023-12-21,Inactive,Good,0.0,0.0,14 Aug 2026,
CUST-000291,Yusuf Tanko,Central Market Distribution Centre,8010450163.0,customer291@demo-biscuit.com,"Demo Business District, Area 16",Wholesale,2026-06-19,Active,Good,0.0,0.0,14 Aug 2026,
CUST-000292,Aisha Suleiman,Central Market Distribution Centre,8049265524.0,customer292@demo-biscuit.com,"Demo Business District, Area 1",Retailer,2024-05-21,Active,Restricted,0.0,0.0,14 Aug 2026,
CUST-000293,Ibrahim Ahmad,Northern Star Wholesale Depot,8014302047.0,customer293@demo-biscuit.com,"Demo Business District, Area 3",Retailer,2024-12-12,Active,Restricted,0.0,0.0,14 Aug 2026,
CUST-000294,Aliyu Usman,Golden Basket Wholesale Centre,8046774392.0,customer294@demo-biscuit.com,"Demo Business District, Area 5",Wholesale,2026-07-12,Active,Good,595800.0,0.0,14 Aug 2026,
CUST-000295,Abubakar Lawal,Sunrise Foods & Beverages,8073613928.0,customer295@demo-biscuit.com,"Demo Business District, Area 15",Wholesale,2026-06-21,Active,Good,0.0,0.0,14 Aug 2026,
CUST-000296,Yusuf Aliyu,Trusted Choice Food Distributors,8025021155.0,customer296@demo-biscuit.com,"Demo Business District, Area 4",Wholesale,2026-06-24,Inactive,Review,0.0,0.0,14 Aug 2026,
CUST-000297,Hussaini Yusuf,Northern Star Trading Company,8096612589.0,customer297@demo-biscuit.com,"Demo Business District, Area 4",Wholesale,2025-07-27,Active,Review,0.0,0.0,14 Aug 2026,
CUST-000298,Hauwa Sani,Northern Star Trading Enterprise,8072848859.0,customer298@demo-biscuit.com,"Demo Business District, Area 6",Distributor,2026-03-02,Active,Good,0.0,0.0,14 Aug 2026,
CUST-000299,Maryam Tanko,Central Market Distribution Centre,8042908405.0,customer299@demo-biscuit.com,"Demo Business District, Area 21",Wholesale,2026-04-15,Active,Good,0.0,0.0,14 Aug 2026,
CUST-000300,Sani Tanko,Northern Star Wholesale Centre,8045986210.0,customer300@demo-biscuit.com,"Demo Business District, Area 2",Retailer,2024-10-06,Inactive,Good,0.0,0.0,14 Aug 2026,
CUST-000301,Fatima Danjuma,Premium Wholesale Depot,8061062348.0,customer301@demo-biscuit.com,"Demo Business District, Area 13",Retailer,2024-05-18,Active,Good,0.0,0.0,14 Aug 2026,
CUST-000302,Usman Hassan,Premium Food Distributors,8075370164.0,customer302@demo-biscuit.com,"Demo Business District, Area 19",Retailer,2024-11-25,Active,Good,0.0,0.0,14 Aug 2026,
CUST-000303,Bello Tanko,Central Market Food Distributors,8015410789.0,customer303@demo-biscuit.com,"Demo Business District, Area 16",Distributor,2024-03-29,Active,Good,0.0,0.0,14 Aug 2026,
CUST-000304,Safiya Usman,Standard Trading Company,8016175678.0,customer304@demo-biscuit.com,"Demo Business District, Area 20",Distributor,2026-05-16,Active,Restricted,0.0,0.0,14 Aug 2026,
CUST-000305,Yusuf Musa,Success General Suppliers,8054262574.0,customer305@demo-biscuit.com,"Demo Business District, Area 5",Distributor,2024-10-20,Active,Good,0.0,0.0,14 Aug 2026,
CUST-000306,Abubakar Abubakar,Diamond Trading Company,8012300447.0,customer306@demo-biscuit.com,"Demo Business District, Area 12",Wholesale,2026-03-11,Active,Good,0.0,0.0,14 Aug 2026,
CUST-000307,Fatima Sani,Trusted Choice Distribution Centre,8035245484.0,customer307@demo-biscuit.com,"Demo Business District, Area 24",Distributor,2025-10-09,Active,Review,0.0,0.0,14 Aug 2026,
CUST-000308,Hussaini Sani,Golden Basket Distribution Hub,8055651413.0,customer308@demo-biscuit.com,"Demo Business District, Area 14",Retailer,2024-10-09,Inactive,Good,0.0,0.0,14 Aug 2026,
CUST-000309,Yusuf Aliyu,Standard General Suppliers,8030189991.0,customer309@demo-biscuit.com,"Demo Business District, Area 22",Distributor,2025-05-19,Inactive,Good,0.0,0.0,14 Aug 2026,
CUST-000310,Rukayya Lawal,Golden Basket Trading Enterprise,8096861506.0,customer310@demo-biscuit.com,"Demo Business District, Area 25",Wholesale,2026-03-21,Active,Review,136800.0,68400.0,14 Aug 2026,
CUST-000311,Aliyu Usman,Northern Star Wholesale Depot,8021957782.0,customer311@demo-biscuit.com,"Demo Business District, Area 24",Retailer,2025-04-20,Active,Good,0.0,0.0,14 Aug 2026,
CUST-000312,Yusuf Danjuma,Premium Distribution Centre,8063264880.0,customer312@demo-biscuit.com,"Demo Business District, Area 10",Retailer,2024-12-27,Active,Good,0.0,0.0,14 Aug 2026,
CUST-000313,Aisha Danjuma,Excellent Wholesale Depot,8027881786.0,customer313@demo-biscuit.com,"Demo Business District, Area 16",Retailer,2025-08-04,Active,Review,0.0,0.0,14 Aug 2026,
CUST-000314,Abubakar Mohammed,Victory Foods & Beverages,8031367525.0,customer314@demo-biscuit.com,"Demo Business District, Area 7",Retailer,2025-02-26,Active,Restricted,0.0,0.0,14 Aug 2026,
CUST-000315,Aliyu Bello,Royal Foods Trading Enterprise,8020274068.0,customer315@demo-biscuit.com,"Demo Business District, Area 2",Distributor,2024-01-21,Active,Good,0.0,0.0,14 Aug 2026,
CUST-000316,Abdullahi Kabiru,Prime Choice Wholesale Stores,8055273198.0,customer316@demo-biscuit.com,"Demo Business District, Area 21",Retailer,2026-01-21,Active,Restricted,0.0,0.0,14 Aug 2026,
CUST-000317,Hussaini Mohammed,Premium Wholesale Depot,8036317617.0,customer317@demo-biscuit.com,"Demo Business District, Area 23",Retailer,2026-01-11,Active,Review,0.0,0.0,14 Aug 2026,
CUST-000318,Hauwa Mohammed,Prime Choice Wholesale Centre,8069557691.0,customer318@demo-biscuit.com,"Demo Business District, Area 19",Retailer,2026-07-03,Active,Review,0.0,0.0,14 Aug 2026,
CUST-000319,Aisha Shehu,Success Distribution Hub,8022059667.0,customer319@demo-biscuit.com,"Demo Business District, Area 9",Wholesale,2024-01-20,Active,Review,0.0,0.0,14 Aug 2026,
CUST-000320,Musa Yusuf,Central Market General Suppliers,8092492621.0,customer320@demo-biscuit.com,"Demo Business District, Area 24",Retailer,2024-11-27,Inactive,Restricted,0.0,0.0,14 Aug 2026,
CUST-000321,Hussaini Tanko,Sunrise Wholesale Depot,8014265954.0,customer321@demo-biscuit.com,"Demo Business District, Area 12",Distributor,2025-08-16,Active,Restricted,0.0,0.0,14 Aug 2026,
CUST-000322,Maryam Usman,Standard Wholesale Stores,8095142092.0,customer322@demo-biscuit.com,"Demo Business District, Area 24",Distributor,2024-12-21,Active,Good,0.0,0.0,14 Aug 2026,
CUST-000323,Mustapha Umar,Trusted Choice Wholesale Stores,8089488509.0,customer323@demo-biscuit.com,"Demo Business District, Area 23",Retailer,2025-08-26,Active,Review,0.0,0.0,14 Aug 2026,
CUST-000324,Hadiza Bello,Royal Foods Wholesale Depot,8043306363.0,customer324@demo-biscuit.com,"Demo Business District, Area 13",Wholesale,2024-04-19,Inactive,Review,0.0,0.0,14 Aug 2026,
CUST-000325,Yusuf Aliyu,Evergreen Trading Company,8016803677.0,customer325@demo-biscuit.com,"Demo Business District, Area 14",Retailer,2025-08-30,Active,Review,0.0,0.0,14 Aug 2026,
CUST-000326,Yusuf Shehu,Premium Food Distributors,8080880763.0,customer326@demo-biscuit.com,"Demo Business District, Area 4",Distributor,2024-08-20,Inactive,Restricted,0.0,0.0,14 Aug 2026,
CUST-000327,Rukayya Bello,Golden Basket Wholesale Centre,8074183615.0,customer327@demo-biscuit.com,"Demo Business District, Area 3",Distributor,2024-05-11,Active,Good,238300.0,0.0,14 Aug 2026,
CUST-000328,Muhammad Usman,Evergreen Distribution Hub,8053742672.0,customer328@demo-biscuit.com,"Demo Business District, Area 25",Distributor,2026-03-11,Active,Good,0.0,0.0,14 Aug 2026,
CUST-000329,Hauwa Yusuf,Northern Star Distribution Centre,8085456712.0,customer329@demo-biscuit.com,"Demo Business District, Area 1",Wholesale,2025-08-31,Active,Good,176300.0,176300.0,14 Aug 2026,
CUST-000330,Aisha Garba,Central Market Foods & Beverages,8075187846.0,customer330@demo-biscuit.com,"Demo Business District, Area 3",Retailer,2024-11-23,Active,Good,0.0,0.0,14 Aug 2026,
CUST-000331,Aliyu Lawal,Standard Wholesale Stores,8058313251.0,customer331@demo-biscuit.com,"Demo Business District, Area 8",Wholesale,2024-06-22,Active,Good,0.0,0.0,14 Aug 2026,
CUST-000332,Hussaini Yusuf,Success Wholesale Centre,8094346868.0,customer332@demo-biscuit.com,"Demo Business District, Area 6",Wholesale,2026-04-19,Active,Review,0.0,0.0,14 Aug 2026,
CUST-000333,Khadija Garba,Northern Star Wholesale Depot,8030858528.0,customer333@demo-biscuit.com,"Demo Business District, Area 1",Distributor,2025-09-29,Active,Good,263400.0,0.0,14 Aug 2026,
CUST-000334,Abdullahi Danjuma,Excellent Trading Company,8026333044.0,customer334@demo-biscuit.com,"Demo Business District, Area 5",Retailer,2025-08-26,Active,Good,0.0,0.0,14 Aug 2026,
CUST-000335,Aisha Suleiman,Premium Trading Company,8077449928.0,customer335@demo-biscuit.com,"Demo Business District, Area 13",Retailer,2024-06-05,Active,Good,614400.0,614400.0,14 Aug 2026,
CUST-000336,Usman Aliyu,Diamond Trading Enterprise,8044781007.0,customer336@demo-biscuit.com,"Demo Business District, Area 3",Retailer,2024-09-28,Active,Restricted,0.0,0.0,14 Aug 2026,
CUST-000337,Umar Kabiru,Sunrise Distribution Centre,8072569035.0,customer337@demo-biscuit.com,"Demo Business District, Area 9",Retailer,2025-02-03,Inactive,Restricted,0.0,0.0,14 Aug 2026,
CUST-000338,Ibrahim Kabiru,Diamond Distribution Centre,8057877186.0,customer338@demo-biscuit.com,"Demo Business District, Area 9",Distributor,2025-05-19,Active,Restricted,0.0,0.0,14 Aug 2026,
CUST-000339,Zainab Aliyu,Success Wholesale Depot,8021029498.0,customer339@demo-biscuit.com,"Demo Business District, Area 19",Retailer,2025-07-26,Active,Good,0.0,0.0,14 Aug 2026,
CUST-000340,Abdullahi Ahmad,Prime Choice General Suppliers,8036756457.0,customer340@demo-biscuit.com,"Demo Business District, Area 18",Wholesale,2026-03-19,Active,Restricted,0.0,0.0,14 Aug 2026,
CUST-000341,Aliyu Yusuf,Central Market Trading Company,8046428723.0,customer341@demo-biscuit.com,"Demo Business District, Area 2",Distributor,2024-07-09,Active,Good,0.0,0.0,14 Aug 2026,
CUST-000342,Fatima Danjuma,Evergreen Trading Enterprise,8018563658.0,customer342@demo-biscuit.com,"Demo Business District, Area 12",Retailer,2024-05-29,Active,Good,0.0,0.0,14 Aug 2026,
CUST-000343,Yusuf Ahmad,Evergreen Distribution Centre,8076396954.0,customer343@demo-biscuit.com,"Demo Business District, Area 2",Wholesale,2025-05-21,Inactive,Restricted,126900.0,0.0,14 Aug 2026,
CUST-000344,Yusuf Hassan,Victory Trading Enterprise,8033308394.0,customer344@demo-biscuit.com,"Demo Business District, Area 16",Retailer,2023-12-24,Active,Restricted,0.0,0.0,14 Aug 2026,
CUST-000345,Ahmed Abubakar,Golden Basket Foods & Beverages,8079718175.0,customer345@demo-biscuit.com,"Demo Business District, Area 23",Wholesale,2024-10-13,Active,Restricted,0.0,0.0,14 Aug 2026,
CUST-000346,Mustapha Abubakar,Northern Star General Suppliers,8074279667.0,customer346@demo-biscuit.com,"Demo Business District, Area 2",Retailer,2025-07-04,Active,Good,0.0,0.0,14 Aug 2026,
CUST-000347,Hussaini Hassan,Northern Star Wholesale Stores,8010368386.0,customer347@demo-biscuit.com,"Demo Business District, Area 16",Wholesale,2025-11-22,Inactive,Good,0.0,0.0,14 Aug 2026,
CUST-000348,Maryam Ibrahim,Royal Foods Distribution Centre,8077096708.0,customer348@demo-biscuit.com,"Demo Business District, Area 2",Wholesale,2024-05-29,Inactive,Good,297900.0,148950.0,14 Aug 2026,
CUST-000349,Rukayya Shehu,Diamond Foods & Beverages,8099053028.0,customer349@demo-biscuit.com,"Demo Business District, Area 14",Retailer,2024-12-29,Active,Good,207900.0,0.0,14 Aug 2026,
CUST-000350,Abdullahi Tanko,Unity Wholesale Stores,8044162257.0,customer350@demo-biscuit.com,"Demo Business District, Area 22",Distributor,2026-01-16,Active,Good,0.0,0.0,14 Aug 2026,
CUST-000351,Hassan Abdullahi,Success Wholesale Depot,8040384249.0,customer351@demo-biscuit.com,"Demo Business District, Area 12",Distributor,2024-10-13,Active,Restricted,0.0,0.0,14 Aug 2026,
CUST-000352,Rukayya Garba,Sunrise General Suppliers,8070483959.0,customer352@demo-biscuit.com,"Demo Business District, Area 22",Wholesale,2024-05-20,Active,Restricted,0.0,0.0,14 Aug 2026,
CUST-000353,Usman Danjuma,Golden Basket Trading Company,8099961685.0,customer353@demo-biscuit.com,"Demo Business District, Area 25",Wholesale,2025-10-05,Active,Review,635700.0,0.0,14 Aug 2026,
CUST-000354,Hadiza Shehu,Prime Choice Distribution Hub,8075722160.0,customer354@demo-biscuit.com,"Demo Business District, Area 20",Retailer,2026-05-16,Inactive,Good,0.0,0.0,14 Aug 2026,
CUST-000355,Bello Yusuf,Standard Food Distributors,8023342709.0,customer355@demo-biscuit.com,"Demo Business District, Area 25",Wholesale,2024-01-13,Active,Good,0.0,0.0,14 Aug 2026,
CUST-000356,Abdullahi Ahmad,Evergreen Food Distributors,8099522440.0,customer356@demo-biscuit.com,"Demo Business District, Area 5",Wholesale,2024-06-19,Active,Good,0.0,0.0,14 Aug 2026,
CUST-000357,Sani Umar,Success Foods & Beverages,8052209465.0,customer357@demo-biscuit.com,"Demo Business District, Area 9",Distributor,2025-12-01,Active,Good,225000.0,0.0,14 Aug 2026,
CUST-000358,Ahmed Usman,Royal Foods Trading Enterprise,8050466258.0,customer358@demo-biscuit.com,"Demo Business District, Area 21",Wholesale,2026-03-25,Active,Restricted,0.0,0.0,14 Aug 2026,
CUST-000359,Abdullahi Mohammed,Golden Basket Trading Enterprise,8055820293.0,customer359@demo-biscuit.com,"Demo Business District, Area 7",Distributor,2024-03-16,Active,Restricted,0.0,0.0,14 Aug 2026,
CUST-000360,Ahmed Mohammed,Unity Distribution Hub,8073877196.0,customer360@demo-biscuit.com,"Demo Business District, Area 10",Retailer,2024-04-24,Inactive,Good,684600.0,0.0,14 Aug 2026,
CUST-000361,Abubakar Bello,Golden Basket Distribution Hub,8077836785.0,customer361@demo-biscuit.com,"Demo Business District, Area 10",Retailer,2024-11-20,Inactive,Good,0.0,0.0,14 Aug 2026,
CUST-000362,Bello Mohammed,Northern Star Foods & Beverages,8087973222.0,customer362@demo-biscuit.com,"Demo Business District, Area 2",Distributor,2024-05-31,Active,Good,0.0,0.0,14 Aug 2026,
CUST-000363,Maryam Abdullahi,Victory Wholesale Stores,8015989318.0,customer363@demo-biscuit.com,"Demo Business District, Area 25",Distributor,2025-01-02,Active,Good,0.0,0.0,14 Aug 2026,
CUST-000364,Abdullahi Yusuf,Royal Foods Wholesale Stores,8051619483.0,customer364@demo-biscuit.com,"Demo Business District, Area 4",Retailer,2023-11-27,Active,Good,0.0,0.0,14 Aug 2026,
CUST-000365,Hassan Bello,Evergreen General Suppliers,8095925850.0,customer365@demo-biscuit.com,"Demo Business District, Area 8",Wholesale,2025-06-12,Active,Review,153300.0,0.0,14 Aug 2026,
CUST-000366,Abubakar Garba,Excellent Wholesale Stores,8022106945.0,customer366@demo-biscuit.com,"Demo Business District, Area 16",Retailer,2024-03-07,Inactive,Good,0.0,0.0,14 Aug 2026,
CUST-000367,Abubakar Hassan,Success Trading Enterprise,8065453560.0,customer367@demo-biscuit.com,"Demo Business District, Area 12",Retailer,2025-10-03,Active,Review,0.0,0.0,14 Aug 2026,
CUST-000368,Fatima Bello,Evergreen Trading Company,8061516004.0,customer368@demo-biscuit.com,"Demo Business District, Area 25",Wholesale,2026-04-08,Active,Good,0.0,0.0,14 Aug 2026,
CUST-000369,Maryam Sani,Prime Choice Wholesale Depot,8021511905.0,customer369@demo-biscuit.com,"Demo Business District, Area 8",Wholesale,2025-12-10,Active,Good,120500.0,0.0,14 Aug 2026,
CUST-000370,Musa Hassan,Trusted Choice Foods & Beverages,8087451889.0,customer370@demo-biscuit.com,"Demo Business District, Area 25",Retailer,2024-11-06,Active,Good,0.0,0.0,14 Aug 2026,
CUST-000371,Zainab Bello,Sunrise Foods & Beverages,8083960426.0,customer371@demo-biscuit.com,"Demo Business District, Area 13",Distributor,2024-10-26,Active,Good,0.0,0.0,14 Aug 2026,
CUST-000372,Usman Tanko,Evergreen Wholesale Stores,8094676436.0,customer372@demo-biscuit.com,"Demo Business District, Area 8",Distributor,2025-03-05,Active,Good,164300.0,0.0,14 Aug 2026,
CUST-000373,Muhammad Abdullahi,Standard Food Distributors,8085903710.0,customer373@demo-biscuit.com,"Demo Business District, Area 24",Wholesale,2024-03-13,Active,Good,0.0,0.0,14 Aug 2026,
CUST-000374,Musa Ibrahim,Standard General Suppliers,8019508019.0,customer374@demo-biscuit.com,"Demo Business District, Area 24",Wholesale,2023-12-09,Active,Restricted,38800.0,0.0,14 Aug 2026,
CUST-000375,Yusuf Ibrahim,Success Food Distributors,8064278327.0,customer375@demo-biscuit.com,"Demo Business District, Area 18",Retailer,2024-03-26,Active,Review,401000.0,0.0,14 Aug 2026,
CUST-000376,Rukayya Garba,Standard Wholesale Stores,8051432810.0,customer376@demo-biscuit.com,"Demo Business District, Area 6",Wholesale,2026-06-21,Active,Review,0.0,0.0,14 Aug 2026,
CUST-000377,Asma'u Tanko,Central Market Trading Enterprise,8027420729.0,customer377@demo-biscuit.com,"Demo Business District, Area 17",Retailer,2025-07-23,Active,Review,738300.0,0.0,14 Aug 2026,
CUST-000378,Aliyu Danjuma,Unity Trading Company,8045220092.0,customer378@demo-biscuit.com,"Demo Business District, Area 17",Distributor,2024-12-18,Active,Good,0.0,0.0,14 Aug 2026,
CUST-000379,Usman Mohammed,Premium General Suppliers,8082395560.0,customer379@demo-biscuit.com,"Demo Business District, Area 21",Distributor,2023-12-03,Active,Good,0.0,0.0,14 Aug 2026,
CUST-000380,Umar Garba,Central Market Food Distributors,8033393764.0,customer380@demo-biscuit.com,"Demo Business District, Area 19",Distributor,2025-09-15,Active,Good,532000.0,0.0,14 Aug 2026,
CUST-000381,Yusuf Musa,Central Market Distribution Centre,8076481660.0,customer381@demo-biscuit.com,"Demo Business District, Area 8",Distributor,2024-03-17,Active,Review,0.0,0.0,14 Aug 2026,
CUST-000382,Khadija Umar,Northern Star Trading Company,8062079830.0,customer382@demo-biscuit.com,"Demo Business District, Area 6",Wholesale,2025-03-01,Active,Good,333600.0,333600.0,14 Aug 2026,
CUST-000383,Hadiza Musa,Evergreen Foods & Beverages,8080790334.0,customer383@demo-biscuit.com,"Demo Business District, Area 14",Distributor,2025-05-14,Inactive,Good,0.0,0.0,14 Aug 2026,
CUST-000384,Ibrahim Usman,Trusted Choice General Suppliers,8051492684.0,customer384@demo-biscuit.com,"Demo Business District, Area 19",Retailer,2026-01-07,Active,Good,0.0,0.0,14 Aug 2026,
CUST-000385,Abubakar Ahmad,Excellent Food Distributors,8052105060.0,customer385@demo-biscuit.com,"Demo Business District, Area 10",Wholesale,2025-03-19,Active,Good,0.0,0.0,14 Aug 2026,
CUST-000386,Hadiza Ibrahim,Unity Trading Company,8030441507.0,customer386@demo-biscuit.com,"Demo Business District, Area 5",Retailer,2023-11-18,Active,Good,0.0,0.0,14 Aug 2026,
CUST-000387,Usman Ibrahim,Victory Distribution Centre,8082195958.0,customer387@demo-biscuit.com,"Demo Business District, Area 18",Retailer,2025-01-21,Inactive,Good,0.0,0.0,14 Aug 2026,
CUST-000388,Ibrahim Abdullahi,Excellent Wholesale Stores,8052881022.0,customer388@demo-biscuit.com,"Demo Business District, Area 19",Wholesale,2025-10-30,Inactive,Restricted,0.0,0.0,14 Aug 2026,
CUST-000389,Yusuf Usman,Central Market Distribution Centre,8029891782.0,customer389@demo-biscuit.com,"Demo Business District, Area 11",Wholesale,2025-02-13,Active,Good,0.0,0.0,14 Aug 2026,
CUST-000390,Abdullahi Yusuf,Standard Food Distributors,8073455530.0,customer390@demo-biscuit.com,"Demo Business District, Area 13",Wholesale,2024-09-13,Inactive,Good,0.0,0.0,14 Aug 2026,
CUST-000391,Usman Hassan,Premium Trading Enterprise,8080023527.0,customer391@demo-biscuit.com,"Demo Business District, Area 23",Distributor,2026-04-23,Inactive,Good,0.0,0.0,14 Aug 2026,
CUST-000392,Hauwa Abdullahi,Evergreen Food Distributors,8076112087.0,customer392@demo-biscuit.com,"Demo Business District, Area 4",Wholesale,2026-04-12,Active,Good,0.0,0.0,14 Aug 2026,
CUST-000393,Hauwa Garba,Golden Basket Wholesale Depot,8040194967.0,customer393@demo-biscuit.com,"Demo Business District, Area 7",Distributor,2025-07-04,Active,Good,0.0,0.0,14 Aug 2026,
CUST-000394,Umar Danjuma,Golden Basket Wholesale Centre,8069321134.0,customer394@demo-biscuit.com,"Demo Business District, Area 9",Distributor,2025-08-21,Inactive,Good,0.0,0.0,14 Aug 2026,
CUST-000395,Mustapha Musa,Golden Basket Distribution Centre,8084255860.0,customer395@demo-biscuit.com,"Demo Business District, Area 7",Wholesale,2025-01-02,Active,Good,0.0,0.0,14 Aug 2026,
CUST-000396,Hussaini Mohammed,Central Market Wholesale Stores,8060940765.0,customer396@demo-biscuit.com,"Demo Business District, Area 10",Retailer,2024-04-20,Active,Restricted,0.0,0.0,14 Aug 2026,
CUST-000397,Maryam Garba,Golden Basket Distribution Centre,8043260837.0,customer397@demo-biscuit.com,"Demo Business District, Area 18",Retailer,2026-01-03,Active,Review,53900.0,0.0,14 Aug 2026,
CUST-000398,Usman Abdullahi,Standard Distribution Hub,8014601482.0,customer398@demo-biscuit.com,"Demo Business District, Area 2",Wholesale,2024-08-12,Active,Restricted,0.0,0.0,14 Aug 2026,
CUST-000399,Hauwa Abubakar,Excellent Trading Enterprise,8017311569.0,customer399@demo-biscuit.com,"Demo Business District, Area 23",Distributor,2025-09-17,Active,Good,0.0,0.0,14 Aug 2026,
CUST-000400,Muhammad Mohammed,Diamond Trading Company,8089293590.0,customer400@demo-biscuit.com,"Demo Business District, Area 23",Retailer,2026-02-18,Active,Good,0.0,0.0,14 Aug 2026,
CUST-000401,Muhammad Musa,Unity Trading Enterprise,8083125077.0,customer401@demo-biscuit.com,"Demo Business District, Area 10",Retailer,2024-08-22,Active,Restricted,0.0,0.0,14 Aug 2026,
CUST-000402,Safiya Mohammed,Success Wholesale Depot,8065020714.0,customer402@demo-biscuit.com,"Demo Business District, Area 3",Retailer,2025-01-17,Active,Good,0.0,0.0,14 Aug 2026,
CUST-000403,Umar Ibrahim,Central Market Wholesale Centre,8011145203.0,customer403@demo-biscuit.com,"Demo Business District, Area 8",Distributor,2025-02-25,Active,Restricted,0.0,0.0,14 Aug 2026,
CUST-000404,Abdullahi Usman,Royal Foods Wholesale Stores,8020794977.0,customer404@demo-biscuit.com,"Demo Business District, Area 7",Wholesale,2025-09-24,Active,Review,160500.0,160500.0,14 Aug 2026,
CUST-000405,Abubakar Yusuf,Standard Trading Enterprise,8091406582.0,customer405@demo-biscuit.com,"Demo Business District, Area 8",Wholesale,2026-02-22,Active,Restricted,0.0,0.0,14 Aug 2026,
CUST-000406,Aliyu Abdullahi,Royal Foods Wholesale Centre,8062810346.0,customer406@demo-biscuit.com,"Demo Business District, Area 8",Retailer,2025-12-28,Active,Good,0.0,0.0,14 Aug 2026,
CUST-000407,Umar Abubakar,Excellent Distribution Centre,8097995762.0,customer407@demo-biscuit.com,"Demo Business District, Area 21",Distributor,2026-02-12,Active,Good,0.0,0.0,14 Aug 2026,
CUST-000408,Sani Ibrahim,Victory Foods & Beverages,8094797213.0,customer408@demo-biscuit.com,"Demo Business District, Area 15",Retailer,2025-01-28,Active,Good,0.0,0.0,14 Aug 2026,
CUST-000409,Ahmed Garba,Prime Choice Wholesale Depot,8069245122.0,customer409@demo-biscuit.com,"Demo Business District, Area 17",Distributor,2024-08-12,Active,Good,0.0,0.0,14 Aug 2026,
CUST-000410,Umar Garba,Northern Star Wholesale Depot,8045229406.0,customer410@demo-biscuit.com,"Demo Business District, Area 1",Wholesale,2024-08-26,Active,Good,0.0,0.0,14 Aug 2026,
CUST-000411,Hassan Musa,Standard Distribution Centre,8095472520.0,customer411@demo-biscuit.com,"Demo Business District, Area 16",Distributor,2025-10-01,Active,Good,76100.0,38050.0,14 Aug 2026,
CUST-000412,Sani Tanko,Diamond Foods & Beverages,8011774856.0,customer412@demo-biscuit.com,"Demo Business District, Area 4",Wholesale,2025-02-18,Active,Good,0.0,0.0,14 Aug 2026,
CUST-000413,Musa Lawal,Sunrise Wholesale Depot,8022454687.0,customer413@demo-biscuit.com,"Demo Business District, Area 9",Retailer,2025-10-22,Inactive,Good,0.0,0.0,14 Aug 2026,
CUST-000414,Usman Usman,Trusted Choice Distribution Hub,8044749361.0,customer414@demo-biscuit.com,"Demo Business District, Area 4",Retailer,2025-05-14,Inactive,Good,0.0,0.0,14 Aug 2026,
CUST-000415,Rukayya Lawal,Northern Star Wholesale Stores,8084363918.0,customer415@demo-biscuit.com,"Demo Business District, Area 21",Wholesale,2024-03-08,Inactive,Good,379300.0,0.0,14 Aug 2026,
CUST-000416,Zainab Usman,Success Trading Company,8081210317.0,customer416@demo-biscuit.com,"Demo Business District, Area 10",Wholesale,2024-03-10,Active,Good,0.0,0.0,14 Aug 2026,
CUST-000417,Hadiza Umar,Victory Food Distributors,8045042125.0,customer417@demo-biscuit.com,"Demo Business District, Area 11",Distributor,2024-09-18,Active,Good,46400.0,0.0,14 Aug 2026,
CUST-000418,Umar Abubakar,Sunrise Wholesale Centre,8033857045.0,customer418@demo-biscuit.com,"Demo Business District, Area 25",Distributor,2024-08-16,Active,Review,0.0,0.0,14 Aug 2026,
CUST-000419,Safiya Shehu,Prime Choice Wholesale Depot,8046299409.0,customer419@demo-biscuit.com,"Demo Business District, Area 16",Wholesale,2026-01-14,Active,Review,0.0,0.0,14 Aug 2026,
CUST-000420,Fatima Shehu,Unity Distribution Centre,8066350656.0,customer420@demo-biscuit.com,"Demo Business District, Area 20",Wholesale,2024-01-22,Active,Good,0.0,0.0,14 Aug 2026,
CUST-000421,Asma'u Suleiman,Victory General Suppliers,8032690392.0,customer421@demo-biscuit.com,"Demo Business District, Area 8",Distributor,2025-02-14,Active,Good,0.0,0.0,14 Aug 2026,
CUST-000422,Asma'u Mohammed,Standard Wholesale Depot,8026620099.0,customer422@demo-biscuit.com,"Demo Business District, Area 5",Distributor,2024-07-17,Active,Good,0.0,0.0,14 Aug 2026,
CUST-000423,Asma'u Kabiru,Success Wholesale Centre,8076697122.0,customer423@demo-biscuit.com,"Demo Business District, Area 16",Wholesale,2024-08-29,Active,Restricted,0.0,0.0,14 Aug 2026,
CUST-000424,Bello Aliyu,Trusted Choice Food Distributors,8033036839.0,customer424@demo-biscuit.com,"Demo Business District, Area 6",Distributor,2024-08-16,Active,Review,0.0,0.0,14 Aug 2026,
CUST-000425,Safiya Lawal,Golden Basket Trading Enterprise,8076931823.0,customer425@demo-biscuit.com,"Demo Business District, Area 1",Retailer,2026-05-07,Active,Good,157800.0,0.0,14 Aug 2026,
CUST-000426,Abubakar Ibrahim,Standard Distribution Centre,8052923395.0,customer426@demo-biscuit.com,"Demo Business District, Area 4",Retailer,2025-04-18,Active,Review,0.0,0.0,14 Aug 2026,
CUST-000427,Zainab Lawal,Central Market Wholesale Depot,8095215188.0,customer427@demo-biscuit.com,"Demo Business District, Area 25",Retailer,2026-06-18,Active,Good,0.0,0.0,14 Aug 2026,
CUST-000428,Fatima Shehu,Royal Foods Distribution Centre,8021936055.0,customer428@demo-biscuit.com,"Demo Business District, Area 24",Distributor,2024-06-25,Active,Restricted,0.0,0.0,14 Aug 2026,
CUST-000429,Ibrahim Bello,Evergreen Distribution Hub,8055634791.0,customer429@demo-biscuit.com,"Demo Business District, Area 8",Distributor,2026-04-07,Active,Good,0.0,0.0,14 Aug 2026,
CUST-000430,Abubakar Shehu,Standard Trading Company,8096481383.0,customer430@demo-biscuit.com,"Demo Business District, Area 24",Wholesale,2024-07-14,Active,Good,316400.0,0.0,14 Aug 2026,
CUST-000431,Abubakar Musa,Sunrise Food Distributors,8047951377.0,customer431@demo-biscuit.com,"Demo Business District, Area 11",Wholesale,2025-08-01,Active,Good,0.0,0.0,14 Aug 2026,
CUST-000432,Asma'u Lawal,Victory Distribution Hub,8043455658.0,customer432@demo-biscuit.com,"Demo Business District, Area 5",Wholesale,2025-08-09,Active,Good,0.0,0.0,14 Aug 2026,
CUST-000433,Fatima Lawal,Standard Foods & Beverages,8084106310.0,customer433@demo-biscuit.com,"Demo Business District, Area 23",Wholesale,2025-03-15,Active,Restricted,0.0,0.0,14 Aug 2026,
CUST-000434,Ahmed Suleiman,Victory Wholesale Depot,8038095879.0,customer434@demo-biscuit.com,"Demo Business District, Area 8",Distributor,2026-04-21,Active,Good,0.0,0.0,14 Aug 2026,
CUST-000435,Hauwa Aliyu,Success Wholesale Centre,8057715407.0,customer435@demo-biscuit.com,"Demo Business District, Area 16",Wholesale,2025-05-25,Active,Review,564900.0,282450.0,14 Aug 2026,
CUST-000436,Fatima Ahmad,Success Wholesale Depot,8061260937.0,customer436@demo-biscuit.com,"Demo Business District, Area 16",Distributor,2025-04-21,Inactive,Good,0.0,0.0,14 Aug 2026,
CUST-000437,Umar Lawal,Sunrise Foods & Beverages,8036560902.0,customer437@demo-biscuit.com,"Demo Business District, Area 10",Wholesale,2024-11-08,Inactive,Review,0.0,0.0,14 Aug 2026,
CUST-000438,Mustapha Ibrahim,Evergreen Wholesale Depot,8056379272.0,customer438@demo-biscuit.com,"Demo Business District, Area 4",Distributor,2025-03-19,Active,Good,167500.0,167500.0,14 Aug 2026,
CUST-000439,Safiya Lawal,Trusted Choice Trading Company,8049048794.0,customer439@demo-biscuit.com,"Demo Business District, Area 7",Wholesale,2024-06-10,Active,Review,0.0,0.0,14 Aug 2026,
CUST-000440,Bello Hassan,Trusted Choice General Suppliers,8033326616.0,customer440@demo-biscuit.com,"Demo Business District, Area 18",Distributor,2026-03-02,Active,Good,0.0,0.0,14 Aug 2026,
CUST-000441,Aisha Umar,Excellent Trading Enterprise,8038756707.0,customer441@demo-biscuit.com,"Demo Business District, Area 19",Distributor,2024-02-03,Inactive,Review,0.0,0.0,14 Aug 2026,
CUST-000442,Ahmed Hassan,Unity Food Distributors,8069520867.0,customer442@demo-biscuit.com,"Demo Business District, Area 23",Wholesale,2025-01-27,Active,Good,0.0,0.0,14 Aug 2026,
CUST-000443,Muhammad Hassan,Golden Basket Trading Company,8034448787.0,customer443@demo-biscuit.com,"Demo Business District, Area 5",Distributor,2024-04-07,Active,Good,229700.0,229700.0,14 Aug 2026,
CUST-000444,Musa Abdullahi,Royal Foods Wholesale Depot,8057268144.0,customer444@demo-biscuit.com,"Demo Business District, Area 12",Wholesale,2025-06-12,Inactive,Good,0.0,0.0,14 Aug 2026,
CUST-000445,Fatima Ibrahim,Northern Star Wholesale Stores,8098658326.0,customer445@demo-biscuit.com,"Demo Business District, Area 5",Wholesale,2025-07-01,Active,Good,0.0,0.0,14 Aug 2026,
CUST-000446,Mustapha Shehu,Royal Foods Wholesale Centre,8077399804.0,customer446@demo-biscuit.com,"Demo Business District, Area 13",Retailer,2025-09-15,Active,Good,0.0,0.0,14 Aug 2026,
CUST-000447,Musa Shehu,Golden Basket Food Distributors,8032870418.0,customer447@demo-biscuit.com,"Demo Business District, Area 24",Wholesale,2023-12-27,Active,Good,227800.0,0.0,14 Aug 2026,
CUST-000448,Hadiza Suleiman,Northern Star Food Distributors,8073606160.0,customer448@demo-biscuit.com,"Demo Business District, Area 8",Retailer,2025-02-20,Active,Good,458500.0,0.0,14 Aug 2026,
CUST-000449,Abubakar Aliyu,Prime Choice Trading Company,8034513238.0,customer449@demo-biscuit.com,"Demo Business District, Area 25",Distributor,2024-08-03,Active,Restricted,0.0,0.0,14 Aug 2026,
CUST-000450,Abubakar Danjuma,Prime Choice Trading Company,8021760001.0,customer450@demo-biscuit.com,"Demo Business District, Area 25",Retailer,2025-08-14,Active,Review,0.0,0.0,14 Aug 2026,
CUST-000451,Aliyu Yusuf,Evergreen Trading Enterprise,8023198488.0,customer451@demo-biscuit.com,"Demo Business District, Area 5",Wholesale,2024-02-16,Active,Good,0.0,0.0,14 Aug 2026,
CUST-000452,Rukayya Kabiru,Central Market Food Distributors,8095940716.0,customer452@demo-biscuit.com,"Demo Business District, Area 16",Distributor,2024-11-02,Active,Good,0.0,0.0,14 Aug 2026,
CUST-000453,Ahmed Tanko,Standard Wholesale Centre,8027149147.0,customer453@demo-biscuit.com,"Demo Business District, Area 18",Distributor,2025-02-06,Active,Good,478100.0,239050.0,14 Aug 2026,
CUST-000454,Abubakar Aliyu,Golden Basket Wholesale Centre,8045771302.0,customer454@demo-biscuit.com,"Demo Business District, Area 15",Distributor,2026-03-27,Active,Good,381800.0,0.0,14 Aug 2026,
CUST-000455,Khadija Bello,Golden Basket Wholesale Depot,8011002103.0,customer455@demo-biscuit.com,"Demo Business District, Area 15",Retailer,2024-08-06,Active,Good,0.0,0.0,14 Aug 2026,
CUST-000456,Hassan Umar,Prime Choice Distribution Hub,8084011526.0,customer456@demo-biscuit.com,"Demo Business District, Area 7",Wholesale,2025-12-13,Active,Good,0.0,0.0,14 Aug 2026,
CUST-000457,Yusuf Bello,Premium Food Distributors,8045289814.0,customer457@demo-biscuit.com,"Demo Business District, Area 2",Distributor,2026-04-09,Inactive,Review,0.0,0.0,14 Aug 2026,
CUST-000458,Zainab Usman,Premium Trading Company,8090679040.0,customer458@demo-biscuit.com,"Demo Business District, Area 22",Wholesale,2024-04-24,Active,Good,0.0,0.0,14 Aug 2026,
CUST-000459,Muhammad Kabiru,Central Market Distribution Centre,8093689276.0,customer459@demo-biscuit.com,"Demo Business District, Area 20",Wholesale,2025-02-08,Active,Review,0.0,0.0,14 Aug 2026,
CUST-000460,Bello Danjuma,Royal Foods Foods & Beverages,8019245601.0,customer460@demo-biscuit.com,"Demo Business District, Area 13",Wholesale,2025-10-04,Inactive,Review,0.0,0.0,14 Aug 2026,
CUST-000461,Asma'u Ibrahim,Excellent Trading Company,8029139085.0,customer461@demo-biscuit.com,"Demo Business District, Area 11",Retailer,2025-04-28,Active,Review,0.0,0.0,14 Aug 2026,
CUST-000462,Muhammad Ahmad,Trusted Choice Distribution Hub,8026127955.0,customer462@demo-biscuit.com,"Demo Business District, Area 23",Retailer,2024-01-21,Active,Good,0.0,0.0,14 Aug 2026,
CUST-000463,Khadija Lawal,Central Market Trading Enterprise,8020838613.0,customer463@demo-biscuit.com,"Demo Business District, Area 2",Retailer,2026-01-10,Active,Restricted,0.0,0.0,14 Aug 2026,
CUST-000464,Yusuf Umar,Northern Star Trading Company,8062605425.0,customer464@demo-biscuit.com,"Demo Business District, Area 9",Wholesale,2024-09-29,Active,Review,0.0,0.0,14 Aug 2026,
CUST-000465,Usman Danjuma,Sunrise Wholesale Centre,8061049520.0,customer465@demo-biscuit.com,"Demo Business District, Area 1",Wholesale,2025-01-12,Active,Good,0.0,0.0,14 Aug 2026,
CUST-000466,Khadija Bello,Success Distribution Centre,8080167380.0,customer466@demo-biscuit.com,"Demo Business District, Area 5",Wholesale,2025-02-21,Active,Restricted,0.0,0.0,14 Aug 2026,
CUST-000467,Ibrahim Hassan,Diamond Wholesale Stores,8029123802.0,customer467@demo-biscuit.com,"Demo Business District, Area 25",Wholesale,2025-07-22,Active,Review,0.0,0.0,14 Aug 2026,
CUST-000468,Bello Aliyu,Premium Wholesale Depot,8055984082.0,customer468@demo-biscuit.com,"Demo Business District, Area 2",Retailer,2024-06-27,Active,Good,0.0,0.0,14 Aug 2026,
CUST-000469,Safiya Bello,Standard Food Distributors,8013353141.0,customer469@demo-biscuit.com,"Demo Business District, Area 24",Retailer,2024-10-06,Inactive,Restricted,0.0,0.0,14 Aug 2026,
CUST-000470,Hussaini Ahmad,Diamond Wholesale Stores,8064866583.0,customer470@demo-biscuit.com,"Demo Business District, Area 2",Wholesale,2025-07-12,Active,Good,0.0,0.0,14 Aug 2026,
CUST-000471,Umar Ibrahim,Diamond Wholesale Centre,8064715544.0,customer471@demo-biscuit.com,"Demo Business District, Area 22",Distributor,2024-07-17,Active,Good,0.0,0.0,14 Aug 2026,
CUST-000472,Hauwa Usman,Central Market Trading Enterprise,8044232805.0,customer472@demo-biscuit.com,"Demo Business District, Area 19",Distributor,2025-12-06,Active,Good,0.0,0.0,14 Aug 2026,
CUST-000473,Sani Abdullahi,Evergreen General Suppliers,8078734411.0,customer473@demo-biscuit.com,"Demo Business District, Area 7",Retailer,2026-01-15,Active,Review,0.0,0.0,14 Aug 2026,
CUST-000474,Safiya Kabiru,Diamond Wholesale Depot,8070935770.0,customer474@demo-biscuit.com,"Demo Business District, Area 20",Distributor,2024-07-29,Active,Good,128700.0,0.0,14 Aug 2026,
CUST-000475,Ahmed Mohammed,Evergreen Wholesale Depot,8068568645.0,customer475@demo-biscuit.com,"Demo Business District, Area 12",Wholesale,2025-06-16,Active,Good,0.0,0.0,14 Aug 2026,
CUST-000476,Khadija Tanko,Central Market Distribution Centre,8020229843.0,customer476@demo-biscuit.com,"Demo Business District, Area 11",Wholesale,2023-12-09,Inactive,Restricted,312000.0,0.0,14 Aug 2026,
CUST-000477,Hadiza Mohammed,Diamond Wholesale Depot,8026870045.0,customer477@demo-biscuit.com,"Demo Business District, Area 9",Distributor,2024-08-05,Active,Good,0.0,0.0,14 Aug 2026,
CUST-000478,Muhammad Abubakar,Prime Choice Wholesale Stores,8017764959.0,customer478@demo-biscuit.com,"Demo Business District, Area 18",Wholesale,2024-05-02,Active,Good,0.0,0.0,14 Aug 2026,
CUST-000479,Musa Garba,Unity Wholesale Centre,8093912082.0,customer479@demo-biscuit.com,"Demo Business District, Area 14",Distributor,2026-03-09,Active,Good,0.0,0.0,14 Aug 2026,
CUST-000480,Hassan Lawal,Unity Trading Enterprise,8030452069.0,customer480@demo-biscuit.com,"Demo Business District, Area 15",Distributor,2024-12-03,Active,Review,0.0,0.0,14 Aug 2026,
CUST-000481,Abdullahi Garba,Trusted Choice Trading Company,8096571599.0,customer481@demo-biscuit.com,"Demo Business District, Area 19",Retailer,2025-10-27,Active,Good,0.0,0.0,14 Aug 2026,
CUST-000482,Hauwa Lawal,Golden Basket Trading Enterprise,8078207273.0,customer482@demo-biscuit.com,"Demo Business District, Area 14",Retailer,2026-05-03,Active,Good,0.0,0.0,14 Aug 2026,
CUST-000483,Hadiza Ahmad,Sunrise Trading Enterprise,8087984805.0,customer483@demo-biscuit.com,"Demo Business District, Area 14",Distributor,2024-04-08,Active,Good,0.0,0.0,14 Aug 2026,
CUST-000484,Abubakar Lawal,Unity Distribution Centre,8034157492.0,customer484@demo-biscuit.com,"Demo Business District, Area 24",Wholesale,2025-07-13,Inactive,Good,383600.0,0.0,14 Aug 2026,
CUST-000485,Khadija Yusuf,Victory Wholesale Stores,8031262261.0,customer485@demo-biscuit.com,"Demo Business District, Area 11",Retailer,2025-01-02,Active,Good,0.0,0.0,14 Aug 2026,
CUST-000486,Zainab Ahmad,Trusted Choice Trading Enterprise,8055515067.0,customer486@demo-biscuit.com,"Demo Business District, Area 13",Retailer,2026-01-30,Inactive,Restricted,1071900.0,301950.0,14 Aug 2026,
CUST-000487,Umar Abubakar,Victory Wholesale Centre,8076683514.0,customer487@demo-biscuit.com,"Demo Business District, Area 21",Retailer,2024-09-21,Active,Restricted,0.0,0.0,14 Aug 2026,
CUST-000488,Rukayya Danjuma,Standard General Suppliers,8061501572.0,customer488@demo-biscuit.com,"Demo Business District, Area 11",Retailer,2024-12-18,Active,Review,0.0,0.0,14 Aug 2026,
CUST-000489,Hassan Musa,Golden Basket Wholesale Depot,8086751907.0,customer489@demo-biscuit.com,"Demo Business District, Area 5",Distributor,2024-07-25,Active,Good,0.0,0.0,14 Aug 2026,
CUST-000490,Hassan Shehu,Diamond General Suppliers,8055745474.0,customer490@demo-biscuit.com,"Demo Business District, Area 24",Wholesale,2025-07-26,Active,Good,0.0,0.0,14 Aug 2026,
CUST-000491,Yusuf Musa,Excellent Distribution Centre,8030794864.0,customer491@demo-biscuit.com,"Demo Business District, Area 3",Retailer,2026-04-24,Active,Good,0.0,0.0,14 Aug 2026,
CUST-000492,Mustapha Sani,Trusted Choice Distribution Centre,8023739880.0,customer492@demo-biscuit.com,"Demo Business District, Area 7",Distributor,2025-01-09,Active,Restricted,0.0,0.0,14 Aug 2026,
CUST-000493,Asma'u Hassan,Victory Trading Enterprise,8022433497.0,customer493@demo-biscuit.com,"Demo Business District, Area 14",Wholesale,2024-10-01,Active,Good,527000.0,0.0,14 Aug 2026,
CUST-000494,Umar Musa,Prime Choice Trading Enterprise,8083561963.0,customer494@demo-biscuit.com,"Demo Business District, Area 8",Distributor,2025-08-09,Active,Good,0.0,0.0,14 Aug 2026,
CUST-000495,Hauwa Shehu,Northern Star Distribution Hub,8097919543.0,customer495@demo-biscuit.com,"Demo Business District, Area 11",Distributor,2025-10-11,Active,Good,0.0,0.0,14 Aug 2026,
CUST-000496,Hussaini Hassan,Diamond Food Distributors,8083956811.0,customer496@demo-biscuit.com,"Demo Business District, Area 23",Wholesale,2024-07-16,Active,Good,0.0,0.0,14 Aug 2026,
CUST-000497,Musa Musa,Trusted Choice Wholesale Depot,8040190898.0,customer497@demo-biscuit.com,"Demo Business District, Area 23",Distributor,2025-12-10,Active,Good,0.0,0.0,14 Aug 2026,
CUST-000498,Aliyu Abubakar,Prime Choice Wholesale Centre,8013356131.0,customer498@demo-biscuit.com,"Demo Business District, Area 12",Distributor,2024-03-07,Active,Review,0.0,0.0,14 Aug 2026,
CUST-000499,Musa Lawal,Unity Foods & Beverages,8023641092.0,customer499@demo-biscuit.com,"Demo Business District, Area 23",Wholesale,2024-02-26,Active,Good,0.0,0.0,14 Aug 2026,
CUST-000500,Aisha Abubakar,Sunrise Wholesale Centre,8014743386.0,customer500@demo-biscuit.com,"Demo Business District, Area 23",Retailer,2026-03-07,Active,Review,0.0,0.0,14 Aug 2026,
CUST-000501,Umar Ibrahim,Sunrise Wholesale Stores,8017093706.0,customer501@demo-biscuit.com,"Demo Business District, Area 2",Distributor,2026-02-18,Active,Good,504000.0,504000.0,14 Aug 2026,
CUST-000502,Aisha Sani,Central Market Foods & Beverages,8054250058.0,customer502@demo-biscuit.com,"Demo Business District, Area 9",Wholesale,2026-06-07,Active,Good,319800.0,0.0,14 Aug 2026,
CUST-000503,Sani Ibrahim,Standard Distribution Centre,8095354167.0,customer503@demo-biscuit.com,"Demo Business District, Area 19",Wholesale,2023-11-20,Active,Review,88200.0,88200.0,14 Aug 2026,
CUST-000504,Zainab Kabiru,Trusted Choice Trading Enterprise,8024121698.0,customer504@demo-biscuit.com,"Demo Business District, Area 2",Wholesale,2025-10-20,Inactive,Review,98400.0,0.0,14 Aug 2026,
CUST-000505,Safiya Kabiru,Premium Wholesale Stores,8058149776.0,customer505@demo-biscuit.com,"Demo Business District, Area 15",Wholesale,2026-06-20,Active,Good,636800.0,0.0,14 Aug 2026,
CUST-000506,Abdullahi Abubakar,Success Trading Enterprise,8011386428.0,customer506@demo-biscuit.com,"Demo Business District, Area 4",Retailer,2023-12-01,Active,Good,0.0,0.0,14 Aug 2026,
CUST-000507,Khadija Abdullahi,Evergreen Food Distributors,8024119740.0,customer507@demo-biscuit.com,"Demo Business District, Area 7",Wholesale,2024-06-05,Inactive,Good,0.0,0.0,14 Aug 2026,
CUST-000508,Abdullahi Umar,Unity General Suppliers,8062841854.0,customer508@demo-biscuit.com,"Demo Business District, Area 4",Distributor,2025-03-06,Active,Restricted,0.0,0.0,14 Aug 2026,
CUST-000509,Mustapha Sani,Victory Trading Company,8093908407.0,customer509@demo-biscuit.com,"Demo Business District, Area 15",Wholesale,2025-09-19,Active,Restricted,0.0,0.0,14 Aug 2026,
CUST-000510,Hussaini Musa,Sunrise Trading Enterprise,8022532277.0,customer510@demo-biscuit.com,"Demo Business District, Area 18",Wholesale,2024-09-21,Active,Good,91200.0,45600.0,14 Aug 2026,
CUST-000511,Ahmed Ibrahim,Sunrise Wholesale Depot,8018567988.0,customer511@demo-biscuit.com,"Demo Business District, Area 24",Distributor,2025-11-15,Inactive,Good,0.0,0.0,14 Aug 2026,
CUST-000512,Mustapha Shehu,Trusted Choice Food Distributors,8060853956.0,customer512@demo-biscuit.com,"Demo Business District, Area 12",Retailer,2025-01-15,Inactive,Restricted,21000.0,10500.0,14 Aug 2026,
CUST-000513,Rukayya Sani,Central Market General Suppliers,8010289303.0,customer513@demo-biscuit.com,"Demo Business District, Area 20",Distributor,2024-02-25,Active,Good,0.0,0.0,14 Aug 2026,
CUST-000514,Mustapha Umar,Diamond Trading Company,8034245527.0,customer514@demo-biscuit.com,"Demo Business District, Area 19",Wholesale,2025-06-07,Active,Review,0.0,0.0,14 Aug 2026,
CUST-000515,Zainab Sani,Diamond Wholesale Depot,8017183476.0,customer515@demo-biscuit.com,"Demo Business District, Area 15",Retailer,2026-07-01,Active,Good,0.0,0.0,14 Aug 2026,
CUST-000516,Zainab Sani,Victory Foods & Beverages,8083643845.0,customer516@demo-biscuit.com,"Demo Business District, Area 8",Retailer,2025-08-02,Active,Good,0.0,0.0,14 Aug 2026,
CUST-000517,Hadiza Shehu,Golden Basket Food Distributors,8043664478.0,customer517@demo-biscuit.com,"Demo Business District, Area 2",Distributor,2026-03-12,Active,Good,0.0,0.0,14 Aug 2026,
CUST-000518,Muhammad Tanko,Unity Wholesale Depot,8025100730.0,customer518@demo-biscuit.com,"Demo Business District, Area 23",Retailer,2025-10-16,Active,Good,0.0,0.0,14 Aug 2026,
CUST-000519,Hadiza Bello,Standard Wholesale Centre,8018261634.0,customer519@demo-biscuit.com,"Demo Business District, Area 23",Distributor,2025-10-11,Active,Good,0.0,0.0,14 Aug 2026,
CUST-000520,Hauwa Lawal,Diamond Foods & Beverages,8082300064.0,customer520@demo-biscuit.com,"Demo Business District, Area 8",Retailer,2025-09-06,Active,Good,0.0,0.0,14 Aug 2026,
CUST-000521,Usman Abdullahi,Unity General Suppliers,8096465379.0,customer521@demo-biscuit.com,"Demo Business District, Area 2",Distributor,2024-05-03,Active,Good,0.0,0.0,14 Aug 2026,
CUST-000522,Fatima Danjuma,Success Food Distributors,8032847067.0,customer522@demo-biscuit.com,"Demo Business District, Area 10",Wholesale,2026-06-16,Active,Restricted,0.0,0.0,14 Aug 2026,
CUST-000523,Fatima Aliyu,Diamond Trading Enterprise,8064994303.0,customer523@demo-biscuit.com,"Demo Business District, Area 15",Retailer,2024-04-30,Active,Good,0.0,0.0,14 Aug 2026,
CUST-000524,Zainab Shehu,Standard Distribution Hub,8076922886.0,customer524@demo-biscuit.com,"Demo Business District, Area 24",Wholesale,2023-11-19,Active,Good,0.0,0.0,14 Aug 2026,
CUST-000525,Musa Sani,Excellent Wholesale Depot,8054626083.0,customer525@demo-biscuit.com,"Demo Business District, Area 9",Retailer,2024-02-05,Active,Good,0.0,0.0,14 Aug 2026,
CUST-000526,Abdulhamid Abdulwalid Danjuma,Waleed Ent,,abdulwaleedlegend@gmail.com,,Wholesale,2026-08-14,Active,Good,0.0,0.0,14 Aug 2026,
CUST-000527,Rilwanu Aminu,Reel enterprise,9086556675.0,,,Retailer,2026-08-14,Active,Good,0.0,0.0,14 Aug 2026,
