Record ID,Record Type,Record Number,Source Type,Record Date,Customer ID,Customer Name,Related Transaction,Description,Imported By,Import Date,Status,Notes
REC-2026-000001,Completed Sale,SALE-2026-000001,CRM Operational Archive,2026-07-10,CUST-000357,Sani Umar,,Sale completed for Sani Umar. Total: 225000.0.,Demo Administrator,2026-08-15 12:03:07,Archived,System-created archive entry; original sale remains in Sales.
REC-2026-000002,Completed Sale,SALE-2026-000002,CRM Operational Archive,2026-07-29,CUST-000123,Khadija Ibrahim,,Sale completed for Khadija Ibrahim. Total: 323900.0.,Demo Administrator,2026-08-15 12:03:07,Archived,System-created archive entry; original sale remains in Sales.
REC-2026-000003,Completed Sale,SALE-2026-000003,CRM Operational Archive,2026-08-02,CUST-000183,Maryam Suleiman,,Sale completed for Maryam Suleiman. Total: 616000.0.,Demo Administrator,2026-08-15 12:03:07,Archived,System-created archive entry; original sale remains in Sales.
REC-2026-000004,Completed Sale,SALE-2026-000004,CRM Operational Archive,2026-08-06,CUST-000294,Aliyu Usman,,Sale completed for Aliyu Usman. Total: 595800.0.,Demo Administrator,2026-08-15 12:03:07,Archived,System-created archive entry; original sale remains in Sales.
REC-2026-000005,Completed Sale,SALE-2026-000005,CRM Operational Archive,2026-07-28,CUST-000486,Zainab Ahmad,,Sale completed for Zainab Ahmad. Total: 309600.0.,Demo Administrator,2026-08-15 12:03:07,Archived,System-created archive entry; original sale remains in Sales.
REC-2026-000006,Completed Sale,SALE-2026-000006,CRM Operational Archive,2026-07-20,CUST-000106,Asma'u Ibrahim,,Sale completed for Asma'u Ibrahim. Total: 295200.0.,Demo Administrator,2026-08-15 12:03:07,Archived,System-created archive entry; original sale remains in Sales.
REC-2026-000007,Completed Sale,SALE-2026-000007,CRM Operational Archive,2026-06-23,CUST-000425,Safiya Lawal,,Sale completed for Safiya Lawal. Total: 157800.0.,Demo Administrator,2026-08-15 12:03:07,Archived,System-created archive entry; original sale remains in Sales.
REC-2026-000008,Completed Sale,SALE-2026-000008,CRM Operational Archive,2026-08-06,CUST-000049,Maryam Aliyu,,Sale completed for Maryam Aliyu. Total: 285600.0.,Demo Administrator,2026-08-15 12:03:07,Archived,System-created archive entry; original sale remains in Sales.
REC-2026-000009,Completed Sale,SALE-2026-000009,CRM Operational Archive,2026-07-04,CUST-000208,Safiya Abdullahi,,Sale completed for Safiya Abdullahi. Total: 32900.0.,Demo Administrator,2026-08-15 12:03:07,Archived,System-created archive entry; original sale remains in Sales.
REC-2026-000010,Completed Sale,SALE-2026-000010,CRM Operational Archive,2026-07-05,CUST-000327,Rukayya Bello,,Sale completed for Rukayya Bello. Total: 238300.0.,Demo Administrator,2026-08-15 12:03:07,Archived,System-created archive entry; original sale remains in Sales.
REC-2026-000011,Completed Sale,SALE-2026-000011,CRM Operational Archive,2026-07-02,CUST-000343,Yusuf Ahmad,,Sale completed for Yusuf Ahmad. Total: 126900.0.,Demo Administrator,2026-08-15 12:03:07,Archived,System-created archive entry; original sale remains in Sales.
REC-2026-000012,Completed Sale,SALE-2026-000012,CRM Operational Archive,2026-06-30,CUST-000505,Safiya Kabiru,,Sale completed for Safiya Kabiru. Total: 636800.0.,Demo Administrator,2026-08-15 12:03:07,Archived,System-created archive entry; original sale remains in Sales.
REC-2026-000013,Completed Sale,SALE-2026-000013,CRM Operational Archive,2026-07-24,CUST-000372,Usman Tanko,,Sale completed for Usman Tanko. Total: 164300.0.,Demo Administrator,2026-08-15 12:03:07,Archived,System-created archive entry; original sale remains in Sales.
REC-2026-000014,Completed Sale,SALE-2026-000014,CRM Operational Archive,2026-07-12,CUST-000353,Usman Danjuma,,Sale completed for Usman Danjuma. Total: 635700.0.,Demo Administrator,2026-08-15 12:03:07,Archived,System-created archive entry; original sale remains in Sales.
REC-2026-000015,Completed Sale,SALE-2026-000015,CRM Operational Archive,2026-06-19,CUST-000022,Bello Umar,,Sale completed for Bello Umar. Total: 241400.0.,Demo Administrator,2026-08-15 12:03:07,Archived,System-created archive entry; original sale remains in Sales.
REC-2026-000016,Completed Sale,SALE-2026-000016,CRM Operational Archive,2026-08-12,CUST-000484,Abubakar Lawal,,Sale completed for Abubakar Lawal. Total: 383600.0.,Demo Administrator,2026-08-15 12:03:07,Archived,System-created archive entry; original sale remains in Sales.
REC-2026-000017,Completed Sale,SALE-2026-000017,CRM Operational Archive,2026-06-17,CUST-000365,Hassan Bello,,Sale completed for Hassan Bello. Total: 153300.0.,Demo Administrator,2026-08-15 12:03:07,Archived,System-created archive entry; original sale remains in Sales.
REC-2026-000018,Completed Sale,SALE-2026-000018,CRM Operational Archive,2026-07-31,CUST-000213,Zainab Usman,,Sale completed for Zainab Usman. Total: 75100.0.,Demo Administrator,2026-08-15 12:03:07,Archived,System-created archive entry; original sale remains in Sales.
REC-2026-000019,Completed Sale,SALE-2026-000019,CRM Operational Archive,2026-08-07,CUST-000040,Hassan Tanko,,Sale completed for Hassan Tanko. Total: 261900.0.,Demo Administrator,2026-08-15 12:03:07,Archived,System-created archive entry; original sale remains in Sales.
REC-2026-000020,Completed Sale,SALE-2026-000020,CRM Operational Archive,2026-08-06,CUST-000204,Rukayya Aliyu,,Sale completed for Rukayya Aliyu. Total: 188200.0.,Demo Administrator,2026-08-15 12:03:07,Archived,System-created archive entry; original sale remains in Sales.
REC-2026-000021,Completed Sale,SALE-2026-000021,CRM Operational Archive,2026-07-18,CUST-000447,Musa Shehu,,Sale completed for Musa Shehu. Total: 227800.0.,Demo Administrator,2026-08-15 12:03:07,Archived,System-created archive entry; original sale remains in Sales.
REC-2026-000022,Completed Sale,SALE-2026-000022,CRM Operational Archive,2026-06-21,CUST-000377,Asma'u Tanko,,Sale completed for Asma'u Tanko. Total: 738300.0.,Demo Administrator,2026-08-15 12:03:07,Archived,System-created archive entry; original sale remains in Sales.
REC-2026-000023,Completed Sale,SALE-2026-000023,CRM Operational Archive,2026-06-30,CUST-000245,Khadija Usman,,Sale completed for Khadija Usman. Total: 320000.0.,Demo Administrator,2026-08-15 12:03:07,Archived,System-created archive entry; original sale remains in Sales.
REC-2026-000024,Completed Sale,SALE-2026-000024,CRM Operational Archive,2026-07-28,CUST-000192,Umar Ibrahim,,Sale completed for Umar Ibrahim. Total: 214200.0.,Demo Administrator,2026-08-15 12:03:07,Archived,System-created archive entry; original sale remains in Sales.
REC-2026-000025,Completed Sale,SALE-2026-000025,CRM Operational Archive,2026-06-26,CUST-000231,Hadiza Aliyu,,Sale completed for Hadiza Aliyu. Total: 725600.0.,Demo Administrator,2026-08-15 12:03:07,Archived,System-created archive entry; original sale remains in Sales.
REC-2026-000026,Completed Sale,SALE-2026-000026,CRM Operational Archive,2026-08-12,CUST-000281,Maryam Bello,,Sale completed for Maryam Bello. Total: 134000.0.,Demo Administrator,2026-08-15 12:03:07,Archived,System-created archive entry; original sale remains in Sales.
REC-2026-000027,Completed Sale,SALE-2026-000027,CRM Operational Archive,2026-07-24,CUST-000069,Usman Yusuf,,Sale completed for Usman Yusuf. Total: 372300.0.,Demo Administrator,2026-08-15 12:03:07,Archived,System-created archive entry; original sale remains in Sales.
REC-2026-000028,Completed Sale,SALE-2026-000028,CRM Operational Archive,2026-07-19,CUST-000094,Ibrahim Ibrahim,,Sale completed for Ibrahim Ibrahim. Total: 248600.0.,Demo Administrator,2026-08-15 12:03:07,Archived,System-created archive entry; original sale remains in Sales.
REC-2026-000029,Completed Sale,SALE-2026-000029,CRM Operational Archive,2026-07-12,CUST-000133,Abubakar Usman,,Sale completed for Abubakar Usman. Total: 105300.0.,Demo Administrator,2026-08-15 12:03:07,Archived,System-created archive entry; original sale remains in Sales.
REC-2026-000030,Completed Sale,SALE-2026-000030,CRM Operational Archive,2026-07-06,CUST-000277,Ibrahim Aliyu,,Sale completed for Ibrahim Aliyu. Total: 197800.0.,Demo Administrator,2026-08-15 12:03:07,Archived,System-created archive entry; original sale remains in Sales.
REC-2026-000031,Completed Sale,SALE-2026-000031,CRM Operational Archive,2026-06-26,CUST-000493,Asma'u Hassan,,Sale completed for Asma'u Hassan. Total: 527000.0.,Demo Administrator,2026-08-15 12:03:07,Archived,System-created archive entry; original sale remains in Sales.
REC-2026-000032,Completed Sale,SALE-2026-000032,CRM Operational Archive,2026-07-28,CUST-000273,Abubakar Shehu,,Sale completed for Abubakar Shehu. Total: 43000.0.,Demo Administrator,2026-08-15 12:03:07,Archived,System-created archive entry; original sale remains in Sales.
REC-2026-000033,Completed Sale,SALE-2026-000033,CRM Operational Archive,2026-07-06,CUST-000380,Umar Garba,,Sale completed for Umar Garba. Total: 532000.0.,Demo Administrator,2026-08-15 12:03:07,Archived,System-created archive entry; original sale remains in Sales.
REC-2026-000034,Completed Sale,SALE-2026-000034,CRM Operational Archive,2026-08-14,CUST-000072,Khadija Hassan,,Sale completed for Khadija Hassan. Total: 60000.0.,Demo Administrator,2026-08-15 12:03:07,Archived,System-created archive entry; original sale remains in Sales.
REC-2026-000035,Completed Sale,SALE-2026-000035,CRM Operational Archive,2026-07-05,CUST-000135,Aliyu Sani,,Sale completed for Aliyu Sani. Total: 68100.0.,Demo Administrator,2026-08-15 12:03:07,Archived,System-created archive entry; original sale remains in Sales.
REC-2026-000036,Completed Sale,SALE-2026-000036,CRM Operational Archive,2026-07-08,CUST-000111,Hadiza Bello,,Sale completed for Hadiza Bello. Total: 107200.0.,Demo Administrator,2026-08-15 12:03:07,Archived,System-created archive entry; original sale remains in Sales.
REC-2026-000037,Completed Sale,SALE-2026-000037,CRM Operational Archive,2026-07-14,CUST-000206,Ibrahim Mohammed,,Sale completed for Ibrahim Mohammed. Total: 126900.0.,Demo Administrator,2026-08-15 12:03:07,Archived,System-created archive entry; original sale remains in Sales.
REC-2026-000038,Completed Sale,SALE-2026-000038,CRM Operational Archive,2026-08-02,CUST-000038,Asma'u Tanko,,Sale completed for Asma'u Tanko. Total: 442300.0.,Demo Administrator,2026-08-15 12:03:07,Archived,System-created archive entry; original sale remains in Sales.
REC-2026-000039,Completed Sale,SALE-2026-000039,CRM Operational Archive,2026-07-12,CUST-000099,Aliyu Hassan,,Sale completed for Aliyu Hassan. Total: 408000.0.,Demo Administrator,2026-08-15 12:03:07,Archived,System-created archive entry; original sale remains in Sales.
REC-2026-000040,Completed Sale,SALE-2026-000040,CRM Operational Archive,2026-07-20,CUST-000245,Khadija Usman,,Sale completed for Khadija Usman. Total: 157000.0.,Demo Administrator,2026-08-15 12:03:07,Archived,System-created archive entry; original sale remains in Sales.
REC-2026-000041,Completed Sale,SALE-2026-000041,CRM Operational Archive,2026-08-13,CUST-000252,Khadija Mohammed,,Sale completed for Khadija Mohammed. Total: 124000.0.,Demo Administrator,2026-08-15 12:03:07,Archived,System-created archive entry; original sale remains in Sales.
REC-2026-000042,Completed Sale,SALE-2026-000042,CRM Operational Archive,2026-08-14,CUST-000212,Safiya Hassan,,Sale completed for Safiya Hassan. Total: 74000.0.,Demo Administrator,2026-08-15 12:03:07,Archived,System-created archive entry; original sale remains in Sales.
REC-2026-000043,Completed Sale,SALE-2026-000043,CRM Operational Archive,2026-08-02,CUST-000454,Abubakar Aliyu,,Sale completed for Abubakar Aliyu. Total: 381800.0.,Demo Administrator,2026-08-15 12:03:07,Archived,System-created archive entry; original sale remains in Sales.
REC-2026-000044,Completed Sale,SALE-2026-000044,CRM Operational Archive,2026-06-17,CUST-000360,Ahmed Mohammed,,Sale completed for Ahmed Mohammed. Total: 684600.0.,Demo Administrator,2026-08-15 12:03:07,Archived,System-created archive entry; original sale remains in Sales.
REC-2026-000045,Completed Sale,SALE-2026-000045,CRM Operational Archive,2026-06-19,CUST-000142,Fatima Ahmad,,Sale completed for Fatima Ahmad. Total: 204600.0.,Demo Administrator,2026-08-15 12:03:07,Archived,System-created archive entry; original sale remains in Sales.
REC-2026-000046,Completed Sale,SALE-2026-000046,CRM Operational Archive,2026-08-09,CUST-000154,Ibrahim Mohammed,,Sale completed for Ibrahim Mohammed. Total: 448000.0.,Demo Administrator,2026-08-15 12:03:07,Archived,System-created archive entry; original sale remains in Sales.
REC-2026-000047,Completed Sale,SALE-2026-000047,CRM Operational Archive,2026-07-07,CUST-000178,Muhammad Tanko,,Sale completed for Muhammad Tanko. Total: 79200.0.,Demo Administrator,2026-08-15 12:03:07,Archived,System-created archive entry; original sale remains in Sales.
REC-2026-000048,Completed Sale,SALE-2026-000048,CRM Operational Archive,2026-08-02,CUST-000504,Zainab Kabiru,,Sale completed for Zainab Kabiru. Total: 98400.0.,Demo Administrator,2026-08-15 12:03:07,Archived,System-created archive entry; original sale remains in Sales.
REC-2026-000049,Completed Sale,SALE-2026-000049,CRM Operational Archive,2026-07-13,CUST-000430,Abubakar Shehu,,Sale completed for Abubakar Shehu. Total: 316400.0.,Demo Administrator,2026-08-15 12:03:07,Archived,System-created archive entry; original sale remains in Sales.
REC-2026-000050,Completed Sale,SALE-2026-000050,CRM Operational Archive,2026-06-20,CUST-000109,Abubakar Danjuma,,Sale completed for Abubakar Danjuma. Total: 338400.0.,Demo Administrator,2026-08-15 12:03:07,Archived,System-created archive entry; original sale remains in Sales.
REC-2026-000051,Completed Sale,SALE-2026-000051,CRM Operational Archive,2026-07-15,CUST-000349,Rukayya Shehu,,Sale completed for Rukayya Shehu. Total: 207900.0.,Demo Administrator,2026-08-15 12:03:07,Archived,System-created archive entry; original sale remains in Sales.
REC-2026-000052,Completed Sale,SALE-2026-000052,CRM Operational Archive,2026-07-20,CUST-000236,Hassan Suleiman,,Sale completed for Hassan Suleiman. Total: 44800.0.,Demo Administrator,2026-08-15 12:03:07,Archived,System-created archive entry; original sale remains in Sales.
REC-2026-000053,Completed Sale,SALE-2026-000053,CRM Operational Archive,2026-06-25,CUST-000151,Aliyu Mohammed,,Sale completed for Aliyu Mohammed. Total: 574400.0.,Demo Administrator,2026-08-15 12:03:07,Archived,System-created archive entry; original sale remains in Sales.
REC-2026-000054,Completed Sale,SALE-2026-000054,CRM Operational Archive,2026-07-10,CUST-000094,Ibrahim Ibrahim,,Sale completed for Ibrahim Ibrahim. Total: 107800.0.,Demo Administrator,2026-08-15 12:03:07,Archived,System-created archive entry; original sale remains in Sales.
REC-2026-000055,Completed Sale,SALE-2026-000055,CRM Operational Archive,2026-07-02,CUST-000165,Bello Musa,,Sale completed for Bello Musa. Total: 155400.0.,Demo Administrator,2026-08-15 12:03:07,Archived,System-created archive entry; original sale remains in Sales.
REC-2026-000056,Completed Sale,SALE-2026-000056,CRM Operational Archive,2026-07-20,CUST-000156,Hussaini Usman,,Sale completed for Hussaini Usman. Total: 381300.0.,Demo Administrator,2026-08-15 12:03:07,Archived,System-created archive entry; original sale remains in Sales.
REC-2026-000057,Completed Sale,SALE-2026-000057,CRM Operational Archive,2026-06-25,CUST-000179,Usman Aliyu,,Sale completed for Usman Aliyu. Total: 349600.0.,Demo Administrator,2026-08-15 12:03:07,Archived,System-created archive entry; original sale remains in Sales.
REC-2026-000058,Completed Sale,SALE-2026-000058,CRM Operational Archive,2026-07-26,CUST-000159,Muhammad Kabiru,,Sale completed for Muhammad Kabiru. Total: 79400.0.,Demo Administrator,2026-08-15 12:03:07,Archived,System-created archive entry; original sale remains in Sales.
REC-2026-000059,Completed Sale,SALE-2026-000059,CRM Operational Archive,2026-08-04,CUST-000230,Zainab Yusuf,,Sale completed for Zainab Yusuf. Total: 70000.0.,Demo Administrator,2026-08-15 12:03:07,Archived,System-created archive entry; original sale remains in Sales.
REC-2026-000060,Completed Sale,SALE-2026-000060,CRM Operational Archive,2026-08-11,CUST-000123,Khadija Ibrahim,,Sale completed for Khadija Ibrahim. Total: 62700.0.,Demo Administrator,2026-08-15 12:03:07,Archived,System-created archive entry; original sale remains in Sales.
REC-2026-000061,Completed Sale,SALE-2026-000061,CRM Operational Archive,2026-08-07,CUST-000474,Safiya Kabiru,,Sale completed for Safiya Kabiru. Total: 128700.0.,Demo Administrator,2026-08-15 12:03:07,Archived,System-created archive entry; original sale remains in Sales.
REC-2026-000062,Completed Sale,SALE-2026-000062,CRM Operational Archive,2026-07-05,CUST-000147,Musa Lawal,,Sale completed for Musa Lawal. Total: 170700.0.,Demo Administrator,2026-08-15 12:03:07,Archived,System-created archive entry; original sale remains in Sales.
REC-2026-000063,Completed Sale,SALE-2026-000063,CRM Operational Archive,2026-06-19,CUST-000448,Hadiza Suleiman,,Sale completed for Hadiza Suleiman. Total: 458500.0.,Demo Administrator,2026-08-15 12:03:07,Archived,System-created archive entry; original sale remains in Sales.
REC-2026-000064,Completed Sale,SALE-2026-000064,CRM Operational Archive,2026-07-01,CUST-000034,Asma'u Suleiman,,Sale completed for Asma'u Suleiman. Total: 80600.0.,Demo Administrator,2026-08-15 12:03:07,Archived,System-created archive entry; original sale remains in Sales.
REC-2026-000065,Completed Sale,SALE-2026-000065,CRM Operational Archive,2026-07-20,CUST-000112,Fatima Umar,,Sale completed for Fatima Umar. Total: 127600.0.,Demo Administrator,2026-08-15 12:03:07,Archived,System-created archive entry; original sale remains in Sales.
REC-2026-000066,Completed Sale,SALE-2026-000066,CRM Operational Archive,2026-07-20,CUST-000063,Hadiza Abubakar,,Sale completed for Hadiza Abubakar. Total: 86100.0.,Demo Administrator,2026-08-15 12:03:07,Archived,System-created archive entry; original sale remains in Sales.
REC-2026-000067,Completed Sale,SALE-2026-000067,CRM Operational Archive,2026-08-01,CUST-000415,Rukayya Lawal,,Sale completed for Rukayya Lawal. Total: 379300.0.,Demo Administrator,2026-08-15 12:03:07,Archived,System-created archive entry; original sale remains in Sales.
REC-2026-000068,Completed Sale,SALE-2026-000068,CRM Operational Archive,2026-07-31,CUST-000130,Asma'u Danjuma,,Sale completed for Asma'u Danjuma. Total: 292300.0.,Demo Administrator,2026-08-15 12:03:07,Archived,System-created archive entry; original sale remains in Sales.
REC-2026-000069,Completed Sale,SALE-2026-000069,CRM Operational Archive,2026-08-12,CUST-000068,Musa Shehu,,Sale completed for Musa Shehu. Total: 120400.0.,Demo Administrator,2026-08-15 12:03:07,Archived,System-created archive entry; original sale remains in Sales.
REC-2026-000070,Completed Sale,SALE-2026-000070,CRM Operational Archive,2026-06-30,CUST-000055,Zainab Mohammed,,Sale completed for Zainab Mohammed. Total: 145100.0.,Demo Administrator,2026-08-15 12:03:07,Archived,System-created archive entry; original sale remains in Sales.
REC-2026-000071,Completed Sale,SALE-2026-000071,CRM Operational Archive,2026-06-30,CUST-000486,Zainab Ahmad,,Sale completed for Zainab Ahmad. Total: 158400.0.,Demo Administrator,2026-08-15 12:03:07,Archived,System-created archive entry; original sale remains in Sales.
REC-2026-000072,Completed Sale,SALE-2026-000072,CRM Operational Archive,2026-07-30,CUST-000375,Yusuf Ibrahim,,Sale completed for Yusuf Ibrahim. Total: 401000.0.,Demo Administrator,2026-08-15 12:03:07,Archived,System-created archive entry; original sale remains in Sales.
REC-2026-000073,Completed Sale,SALE-2026-000073,CRM Operational Archive,2026-08-12,CUST-000417,Hadiza Umar,,Sale completed for Hadiza Umar. Total: 46400.0.,Demo Administrator,2026-08-15 12:03:07,Archived,System-created archive entry; original sale remains in Sales.
REC-2026-000074,Completed Sale,SALE-2026-000074,CRM Operational Archive,2026-08-08,CUST-000397,Maryam Garba,,Sale completed for Maryam Garba. Total: 53900.0.,Demo Administrator,2026-08-15 12:03:07,Archived,System-created archive entry; original sale remains in Sales.
REC-2026-000075,Completed Sale,SALE-2026-000075,CRM Operational Archive,2026-08-05,CUST-000182,Abubakar Abubakar,,Sale completed for Abubakar Abubakar. Total: 89000.0.,Demo Administrator,2026-08-15 12:03:07,Archived,System-created archive entry; original sale remains in Sales.
REC-2026-000076,Completed Sale,SALE-2026-000076,CRM Operational Archive,2026-06-22,CUST-000163,Rukayya Mohammed,,Sale completed for Rukayya Mohammed. Total: 392000.0.,Demo Administrator,2026-08-15 12:03:07,Archived,System-created archive entry; original sale remains in Sales.
REC-2026-000077,Completed Sale,SALE-2026-000077,CRM Operational Archive,2026-07-11,CUST-000141,Abdullahi Garba,,Sale completed for Abdullahi Garba. Total: 144000.0.,Demo Administrator,2026-08-15 12:03:07,Archived,System-created archive entry; original sale remains in Sales.
REC-2026-000078,Completed Sale,SALE-2026-000078,CRM Operational Archive,2026-07-09,CUST-000019,Aliyu Musa,,Sale completed for Aliyu Musa. Total: 179800.0.,Demo Administrator,2026-08-15 12:03:07,Archived,System-created archive entry; original sale remains in Sales.
REC-2026-000079,Completed Sale,SALE-2026-000079,CRM Operational Archive,2026-08-10,CUST-000233,Sani Hassan,,Sale completed for Sani Hassan. Total: 178100.0.,Demo Administrator,2026-08-15 12:03:07,Archived,System-created archive entry; original sale remains in Sales.
REC-2026-000080,Completed Sale,SALE-2026-000080,CRM Operational Archive,2026-08-03,CUST-000180,Aliyu Kabiru,,Sale completed for Aliyu Kabiru. Total: 545500.0.,Demo Administrator,2026-08-15 12:03:07,Archived,System-created archive entry; original sale remains in Sales.
REC-2026-000081,Completed Sale,SALE-2026-000081,CRM Operational Archive,2026-06-25,CUST-000476,Khadija Tanko,,Sale completed for Khadija Tanko. Total: 312000.0.,Demo Administrator,2026-08-15 12:03:07,Archived,System-created archive entry; original sale remains in Sales.
REC-2026-000082,Completed Sale,SALE-2026-000082,CRM Operational Archive,2026-08-14,CUST-000369,Maryam Sani,,Sale completed for Maryam Sani. Total: 120500.0.,Demo Administrator,2026-08-15 12:03:07,Archived,System-created archive entry; original sale remains in Sales.
REC-2026-000083,Completed Sale,SALE-2026-000083,CRM Operational Archive,2026-07-01,CUST-000333,Khadija Garba,,Sale completed for Khadija Garba. Total: 263400.0.,Demo Administrator,2026-08-15 12:03:07,Archived,System-created archive entry; original sale remains in Sales.
REC-2026-000084,Completed Sale,SALE-2026-000084,CRM Operational Archive,2026-07-18,CUST-000276,Aisha Danjuma,,Sale completed for Aisha Danjuma. Total: 747000.0.,Demo Administrator,2026-08-15 12:03:07,Archived,System-created archive entry; original sale remains in Sales.
REC-2026-000085,Completed Sale,SALE-2026-000085,CRM Operational Archive,2026-06-19,CUST-000502,Aisha Sani,,Sale completed for Aisha Sani. Total: 319800.0.,Demo Administrator,2026-08-15 12:03:07,Archived,System-created archive entry; original sale remains in Sales.
REC-2026-000086,Completed Sale,SALE-2026-000086,CRM Operational Archive,2026-08-12,CUST-000283,Aliyu Mohammed,,Sale completed for Aliyu Mohammed. Total: 119000.0.,Demo Administrator,2026-08-15 12:03:07,Archived,System-created archive entry; original sale remains in Sales.
REC-2026-000087,Completed Sale,SALE-2026-000087,CRM Operational Archive,2026-07-20,CUST-000053,Ahmed Usman,,Sale completed for Ahmed Usman. Total: 447200.0.,Demo Administrator,2026-08-15 12:03:07,Archived,System-created archive entry; original sale remains in Sales.
REC-2026-000088,Completed Sale,SALE-2026-000088,CRM Operational Archive,2026-07-20,CUST-000374,Musa Ibrahim,,Sale completed for Musa Ibrahim. Total: 38800.0.,Demo Administrator,2026-08-15 12:03:07,Archived,System-created archive entry; original sale remains in Sales.
REC-2026-000089,Completed Sale,SALE-2026-000089,CRM Operational Archive,2026-07-18,CUST-000272,Fatima Sani,,Sale completed for Fatima Sani. Total: 112100.0.,Demo Administrator,2026-08-15 12:03:07,Archived,System-created archive entry; original sale remains in Sales.
REC-2026-000090,Completed Sale,SALE-2026-000090,CRM Operational Archive,2026-06-16,CUST-000171,Abdullahi Suleiman,,Sale completed for Abdullahi Suleiman. Total: 314000.0.,Demo Administrator,2026-08-15 12:03:07,Archived,System-created archive entry; original sale remains in Sales.
REC-2026-000091,Completed Sale,SALE-2026-000091,CRM Operational Archive,2026-08-14,CUST-000411,Hassan Musa,,Sale completed for Hassan Musa. Total: 76100.0.,Demo Administrator,2026-08-15 12:03:07,Archived,System-created archive entry; original sale remains in Sales.
REC-2026-000092,Completed Sale,SALE-2026-000092,CRM Operational Archive,2026-07-26,CUST-000046,Aisha Abubakar,,Sale completed for Aisha Abubakar. Total: 540600.0.,Demo Administrator,2026-08-15 12:03:07,Archived,System-created archive entry; original sale remains in Sales.
REC-2026-000093,Completed Sale,SALE-2026-000093,CRM Operational Archive,2026-07-19,CUST-000251,Bello Usman,,Sale completed for Bello Usman. Total: 264600.0.,Demo Administrator,2026-08-15 12:03:07,Archived,System-created archive entry; original sale remains in Sales.
REC-2026-000094,Completed Sale,SALE-2026-000094,CRM Operational Archive,2026-07-15,CUST-000348,Maryam Ibrahim,,Sale completed for Maryam Ibrahim. Total: 297900.0.,Demo Administrator,2026-08-15 12:03:07,Archived,System-created archive entry; original sale remains in Sales.
REC-2026-000095,Completed Sale,SALE-2026-000095,CRM Operational Archive,2026-07-19,CUST-000310,Rukayya Lawal,,Sale completed for Rukayya Lawal. Total: 136800.0.,Demo Administrator,2026-08-15 12:03:07,Archived,System-created archive entry; original sale remains in Sales.
REC-2026-000096,Completed Sale,SALE-2026-000096,CRM Operational Archive,2026-06-19,CUST-000255,Sani Umar,,Sale completed for Sani Umar. Total: 244500.0.,Demo Administrator,2026-08-15 12:03:07,Archived,System-created archive entry; original sale remains in Sales.
REC-2026-000097,Completed Sale,SALE-2026-000097,CRM Operational Archive,2026-07-05,CUST-000453,Ahmed Tanko,,Sale completed for Ahmed Tanko. Total: 478100.0.,Demo Administrator,2026-08-15 12:03:07,Archived,System-created archive entry; original sale remains in Sales.
REC-2026-000098,Completed Sale,SALE-2026-000098,CRM Operational Archive,2026-06-17,CUST-000510,Hussaini Musa,,Sale completed for Hussaini Musa. Total: 91200.0.,Demo Administrator,2026-08-15 12:03:07,Archived,System-created archive entry; original sale remains in Sales.
REC-2026-000099,Completed Sale,SALE-2026-000099,CRM Operational Archive,2026-07-12,CUST-000512,Mustapha Shehu,,Sale completed for Mustapha Shehu. Total: 21000.0.,Demo Administrator,2026-08-15 12:03:07,Archived,System-created archive entry; original sale remains in Sales.
REC-2026-000100,Completed Sale,SALE-2026-000100,CRM Operational Archive,2026-06-24,CUST-000131,Sani Mohammed,,Sale completed for Sani Mohammed. Total: 17500.0.,Demo Administrator,2026-08-15 12:03:07,Archived,System-created archive entry; original sale remains in Sales.
REC-2026-000101,Completed Sale,SALE-2026-000101,CRM Operational Archive,2026-07-05,CUST-000435,Hauwa Aliyu,,Sale completed for Hauwa Aliyu. Total: 564900.0.,Demo Administrator,2026-08-15 12:03:07,Archived,System-created archive entry; original sale remains in Sales.
REC-2026-000102,Completed Sale,SALE-2026-000102,CRM Operational Archive,2026-07-14,CUST-000147,Musa Lawal,,Sale completed for Musa Lawal. Total: 171100.0.,Demo Administrator,2026-08-15 12:03:07,Archived,System-created archive entry; original sale remains in Sales.
REC-2026-000103,Completed Sale,SALE-2026-000103,CRM Operational Archive,2026-08-01,CUST-000065,Hassan Umar,,Sale completed for Hassan Umar. Total: 384800.0.,Demo Administrator,2026-08-15 12:03:07,Archived,System-created archive entry; original sale remains in Sales.
REC-2026-000104,Completed Sale,SALE-2026-000104,CRM Operational Archive,2026-07-28,CUST-000216,Muhammad Shehu,,Sale completed for Muhammad Shehu. Total: 625500.0.,Demo Administrator,2026-08-15 12:03:07,Archived,System-created archive entry; original sale remains in Sales.
REC-2026-000105,Completed Sale,SALE-2026-000105,CRM Operational Archive,2026-07-01,CUST-000486,Zainab Ahmad,,Sale completed for Zainab Ahmad. Total: 603900.0.,Demo Administrator,2026-08-15 12:03:07,Archived,System-created archive entry; original sale remains in Sales.
REC-2026-000106,Completed Sale,SALE-2026-000106,CRM Operational Archive,2026-08-09,CUST-000382,Khadija Umar,,Sale completed for Khadija Umar. Total: 333600.0.,Demo Administrator,2026-08-15 12:03:07,Archived,System-created archive entry; original sale remains in Sales.
REC-2026-000107,Completed Sale,SALE-2026-000107,CRM Operational Archive,2026-07-17,CUST-000404,Abdullahi Usman,,Sale completed for Abdullahi Usman. Total: 160500.0.,Demo Administrator,2026-08-15 12:03:07,Archived,System-created archive entry; original sale remains in Sales.
REC-2026-000108,Completed Sale,SALE-2026-000108,CRM Operational Archive,2026-06-20,CUST-000177,Yusuf Kabiru,,Sale completed for Yusuf Kabiru. Total: 510900.0.,Demo Administrator,2026-08-15 12:03:07,Archived,System-created archive entry; original sale remains in Sales.
REC-2026-000109,Completed Sale,SALE-2026-000109,CRM Operational Archive,2026-06-24,CUST-000216,Muhammad Shehu,,Sale completed for Muhammad Shehu. Total: 222000.0.,Demo Administrator,2026-08-15 12:03:07,Archived,System-created archive entry; original sale remains in Sales.
REC-2026-000110,Completed Sale,SALE-2026-000110,CRM Operational Archive,2026-08-06,CUST-000443,Muhammad Hassan,,Sale completed for Muhammad Hassan. Total: 229700.0.,Demo Administrator,2026-08-15 12:03:07,Archived,System-created archive entry; original sale remains in Sales.
REC-2026-000111,Completed Sale,SALE-2026-000111,CRM Operational Archive,2026-07-08,CUST-000161,Abubakar Aliyu,,Sale completed for Abubakar Aliyu. Total: 605200.0.,Demo Administrator,2026-08-15 12:03:07,Archived,System-created archive entry; original sale remains in Sales.
REC-2026-000112,Completed Sale,SALE-2026-000112,CRM Operational Archive,2026-07-31,CUST-000194,Rukayya Hassan,,Sale completed for Rukayya Hassan. Total: 153700.0.,Demo Administrator,2026-08-15 12:03:07,Archived,System-created archive entry; original sale remains in Sales.
REC-2026-000113,Completed Sale,SALE-2026-000113,CRM Operational Archive,2026-06-28,CUST-000501,Umar Ibrahim,,Sale completed for Umar Ibrahim. Total: 504000.0.,Demo Administrator,2026-08-15 12:03:07,Archived,System-created archive entry; original sale remains in Sales.
REC-2026-000114,Completed Sale,SALE-2026-000114,CRM Operational Archive,2026-06-18,CUST-000131,Sani Mohammed,,Sale completed for Sani Mohammed. Total: 261800.0.,Demo Administrator,2026-08-15 12:03:07,Archived,System-created archive entry; original sale remains in Sales.
REC-2026-000115,Completed Sale,SALE-2026-000115,CRM Operational Archive,2026-08-11,CUST-000503,Sani Ibrahim,,Sale completed for Sani Ibrahim. Total: 88200.0.,Demo Administrator,2026-08-15 12:03:07,Archived,System-created archive entry; original sale remains in Sales.
REC-2026-000116,Completed Sale,SALE-2026-000116,CRM Operational Archive,2026-07-21,CUST-000329,Hauwa Yusuf,,Sale completed for Hauwa Yusuf. Total: 176300.0.,Demo Administrator,2026-08-15 12:03:07,Archived,System-created archive entry; original sale remains in Sales.
REC-2026-000117,Completed Sale,SALE-2026-000117,CRM Operational Archive,2026-07-15,CUST-000100,Asma'u Tanko,,Sale completed for Asma'u Tanko. Total: 210000.0.,Demo Administrator,2026-08-15 12:03:07,Archived,System-created archive entry; original sale remains in Sales.
REC-2026-000118,Completed Sale,SALE-2026-000118,CRM Operational Archive,2026-07-27,CUST-000335,Aisha Suleiman,,Sale completed for Aisha Suleiman. Total: 614400.0.,Demo Administrator,2026-08-15 12:03:07,Archived,System-created archive entry; original sale remains in Sales.
REC-2026-000119,Completed Sale,SALE-2026-000119,CRM Operational Archive,2026-06-30,CUST-000438,Mustapha Ibrahim,,Sale completed for Mustapha Ibrahim. Total: 167500.0.,Demo Administrator,2026-08-15 12:03:07,Archived,System-created archive entry; original sale remains in Sales.
REC-2026-000120,Completed Sale,SALE-2026-000120,CRM Operational Archive,2026-06-21,CUST-000073,Ahmed Suleiman,,Sale completed for Ahmed Suleiman. Total: 311100.0.,Demo Administrator,2026-08-15 12:03:07,Archived,System-created archive entry; original sale remains in Sales.
REC-2026-000121,Issued Invoice,INV-2026-000001,CRM Operational Archive,2026-07-10,CUST-000357,Sani Umar,SALE-2026-000001,Invoice issued to Sani Umar. Total: 225000.0.,Demo Administrator,2026-08-15 12:03:07,Archived,System-created archive entry; original invoice remains in Invoices.
REC-2026-000122,Issued Invoice,INV-2026-000002,CRM Operational Archive,2026-07-29,CUST-000123,Khadija Ibrahim,SALE-2026-000002,Invoice issued to Khadija Ibrahim. Total: 323900.0.,Demo Administrator,2026-08-15 12:03:07,Archived,System-created archive entry; original invoice remains in Invoices.
REC-2026-000123,Issued Invoice,INV-2026-000003,CRM Operational Archive,2026-08-02,CUST-000183,Maryam Suleiman,SALE-2026-000003,Invoice issued to Maryam Suleiman. Total: 616000.0.,Demo Administrator,2026-08-15 12:03:07,Archived,System-created archive entry; original invoice remains in Invoices.
REC-2026-000124,Issued Invoice,INV-2026-000004,CRM Operational Archive,2026-08-06,CUST-000294,Aliyu Usman,SALE-2026-000004,Invoice issued to Aliyu Usman. Total: 595800.0.,Demo Administrator,2026-08-15 12:03:07,Archived,System-created archive entry; original invoice remains in Invoices.
REC-2026-000125,Issued Invoice,INV-2026-000005,CRM Operational Archive,2026-07-28,CUST-000486,Zainab Ahmad,SALE-2026-000005,Invoice issued to Zainab Ahmad. Total: 309600.0.,Demo Administrator,2026-08-15 12:03:07,Archived,System-created archive entry; original invoice remains in Invoices.
REC-2026-000126,Issued Invoice,INV-2026-000006,CRM Operational Archive,2026-07-20,CUST-000106,Asma'u Ibrahim,SALE-2026-000006,Invoice issued to Asma'u Ibrahim. Total: 295200.0.,Demo Administrator,2026-08-15 12:03:07,Archived,System-created archive entry; original invoice remains in Invoices.
REC-2026-000127,Issued Invoice,INV-2026-000007,CRM Operational Archive,2026-06-23,CUST-000425,Safiya Lawal,SALE-2026-000007,Invoice issued to Safiya Lawal. Total: 157800.0.,Demo Administrator,2026-08-15 12:03:07,Archived,System-created archive entry; original invoice remains in Invoices.
REC-2026-000128,Issued Invoice,INV-2026-000008,CRM Operational Archive,2026-08-06,CUST-000049,Maryam Aliyu,SALE-2026-000008,Invoice issued to Maryam Aliyu. Total: 285600.0.,Demo Administrator,2026-08-15 12:03:07,Archived,System-created archive entry; original invoice remains in Invoices.
REC-2026-000129,Issued Invoice,INV-2026-000009,CRM Operational Archive,2026-07-04,CUST-000208,Safiya Abdullahi,SALE-2026-000009,Invoice issued to Safiya Abdullahi. Total: 32900.0.,Demo Administrator,2026-08-15 12:03:07,Archived,System-created archive entry; original invoice remains in Invoices.
REC-2026-000130,Issued Invoice,INV-2026-000010,CRM Operational Archive,2026-07-05,CUST-000327,Rukayya Bello,SALE-2026-000010,Invoice issued to Rukayya Bello. Total: 238300.0.,Demo Administrator,2026-08-15 12:03:07,Archived,System-created archive entry; original invoice remains in Invoices.
REC-2026-000131,Issued Invoice,INV-2026-000011,CRM Operational Archive,2026-07-02,CUST-000343,Yusuf Ahmad,SALE-2026-000011,Invoice issued to Yusuf Ahmad. Total: 126900.0.,Demo Administrator,2026-08-15 12:03:07,Archived,System-created archive entry; original invoice remains in Invoices.
REC-2026-000132,Issued Invoice,INV-2026-000012,CRM Operational Archive,2026-06-30,CUST-000505,Safiya Kabiru,SALE-2026-000012,Invoice issued to Safiya Kabiru. Total: 636800.0.,Demo Administrator,2026-08-15 12:03:07,Archived,System-created archive entry; original invoice remains in Invoices.
REC-2026-000133,Issued Invoice,INV-2026-000013,CRM Operational Archive,2026-07-24,CUST-000372,Usman Tanko,SALE-2026-000013,Invoice issued to Usman Tanko. Total: 164300.0.,Demo Administrator,2026-08-15 12:03:07,Archived,System-created archive entry; original invoice remains in Invoices.
REC-2026-000134,Issued Invoice,INV-2026-000014,CRM Operational Archive,2026-07-12,CUST-000353,Usman Danjuma,SALE-2026-000014,Invoice issued to Usman Danjuma. Total: 635700.0.,Demo Administrator,2026-08-15 12:03:07,Archived,System-created archive entry; original invoice remains in Invoices.
REC-2026-000135,Issued Invoice,INV-2026-000015,CRM Operational Archive,2026-06-19,CUST-000022,Bello Umar,SALE-2026-000015,Invoice issued to Bello Umar. Total: 241400.0.,Demo Administrator,2026-08-15 12:03:07,Archived,System-created archive entry; original invoice remains in Invoices.
REC-2026-000136,Issued Invoice,INV-2026-000016,CRM Operational Archive,2026-08-12,CUST-000484,Abubakar Lawal,SALE-2026-000016,Invoice issued to Abubakar Lawal. Total: 383600.0.,Demo Administrator,2026-08-15 12:03:07,Archived,System-created archive entry; original invoice remains in Invoices.
REC-2026-000137,Issued Invoice,INV-2026-000017,CRM Operational Archive,2026-06-17,CUST-000365,Hassan Bello,SALE-2026-000017,Invoice issued to Hassan Bello. Total: 153300.0.,Demo Administrator,2026-08-15 12:03:07,Archived,System-created archive entry; original invoice remains in Invoices.
REC-2026-000138,Issued Invoice,INV-2026-000018,CRM Operational Archive,2026-07-31,CUST-000213,Zainab Usman,SALE-2026-000018,Invoice issued to Zainab Usman. Total: 75100.0.,Demo Administrator,2026-08-15 12:03:07,Archived,System-created archive entry; original invoice remains in Invoices.
REC-2026-000139,Issued Invoice,INV-2026-000019,CRM Operational Archive,2026-08-07,CUST-000040,Hassan Tanko,SALE-2026-000019,Invoice issued to Hassan Tanko. Total: 261900.0.,Demo Administrator,2026-08-15 12:03:07,Archived,System-created archive entry; original invoice remains in Invoices.
REC-2026-000140,Issued Invoice,INV-2026-000020,CRM Operational Archive,2026-08-06,CUST-000204,Rukayya Aliyu,SALE-2026-000020,Invoice issued to Rukayya Aliyu. Total: 188200.0.,Demo Administrator,2026-08-15 12:03:07,Archived,System-created archive entry; original invoice remains in Invoices.
REC-2026-000141,Issued Invoice,INV-2026-000021,CRM Operational Archive,2026-07-18,CUST-000447,Musa Shehu,SALE-2026-000021,Invoice issued to Musa Shehu. Total: 227800.0.,Demo Administrator,2026-08-15 12:03:07,Archived,System-created archive entry; original invoice remains in Invoices.
REC-2026-000142,Issued Invoice,INV-2026-000022,CRM Operational Archive,2026-06-21,CUST-000377,Asma'u Tanko,SALE-2026-000022,Invoice issued to Asma'u Tanko. Total: 738300.0.,Demo Administrator,2026-08-15 12:03:07,Archived,System-created archive entry; original invoice remains in Invoices.
REC-2026-000143,Issued Invoice,INV-2026-000023,CRM Operational Archive,2026-06-30,CUST-000245,Khadija Usman,SALE-2026-000023,Invoice issued to Khadija Usman. Total: 320000.0.,Demo Administrator,2026-08-15 12:03:07,Archived,System-created archive entry; original invoice remains in Invoices.
REC-2026-000144,Issued Invoice,INV-2026-000024,CRM Operational Archive,2026-07-28,CUST-000192,Umar Ibrahim,SALE-2026-000024,Invoice issued to Umar Ibrahim. Total: 214200.0.,Demo Administrator,2026-08-15 12:03:07,Archived,System-created archive entry; original invoice remains in Invoices.
REC-2026-000145,Issued Invoice,INV-2026-000025,CRM Operational Archive,2026-06-26,CUST-000231,Hadiza Aliyu,SALE-2026-000025,Invoice issued to Hadiza Aliyu. Total: 725600.0.,Demo Administrator,2026-08-15 12:03:07,Archived,System-created archive entry; original invoice remains in Invoices.
REC-2026-000146,Issued Invoice,INV-2026-000026,CRM Operational Archive,2026-08-12,CUST-000281,Maryam Bello,SALE-2026-000026,Invoice issued to Maryam Bello. Total: 134000.0.,Demo Administrator,2026-08-15 12:03:07,Archived,System-created archive entry; original invoice remains in Invoices.
REC-2026-000147,Issued Invoice,INV-2026-000027,CRM Operational Archive,2026-07-24,CUST-000069,Usman Yusuf,SALE-2026-000027,Invoice issued to Usman Yusuf. Total: 372300.0.,Demo Administrator,2026-08-15 12:03:07,Archived,System-created archive entry; original invoice remains in Invoices.
REC-2026-000148,Issued Invoice,INV-2026-000028,CRM Operational Archive,2026-07-19,CUST-000094,Ibrahim Ibrahim,SALE-2026-000028,Invoice issued to Ibrahim Ibrahim. Total: 248600.0.,Demo Administrator,2026-08-15 12:03:07,Archived,System-created archive entry; original invoice remains in Invoices.
REC-2026-000149,Issued Invoice,INV-2026-000029,CRM Operational Archive,2026-07-12,CUST-000133,Abubakar Usman,SALE-2026-000029,Invoice issued to Abubakar Usman. Total: 105300.0.,Demo Administrator,2026-08-15 12:03:07,Archived,System-created archive entry; original invoice remains in Invoices.
REC-2026-000150,Issued Invoice,INV-2026-000030,CRM Operational Archive,2026-07-06,CUST-000277,Ibrahim Aliyu,SALE-2026-000030,Invoice issued to Ibrahim Aliyu. Total: 197800.0.,Demo Administrator,2026-08-15 12:03:07,Archived,System-created archive entry; original invoice remains in Invoices.
REC-2026-000151,Issued Invoice,INV-2026-000031,CRM Operational Archive,2026-06-26,CUST-000493,Asma'u Hassan,SALE-2026-000031,Invoice issued to Asma'u Hassan. Total: 527000.0.,Demo Administrator,2026-08-15 12:03:07,Archived,System-created archive entry; original invoice remains in Invoices.
REC-2026-000152,Issued Invoice,INV-2026-000032,CRM Operational Archive,2026-07-28,CUST-000273,Abubakar Shehu,SALE-2026-000032,Invoice issued to Abubakar Shehu. Total: 43000.0.,Demo Administrator,2026-08-15 12:03:07,Archived,System-created archive entry; original invoice remains in Invoices.
REC-2026-000153,Issued Invoice,INV-2026-000033,CRM Operational Archive,2026-07-06,CUST-000380,Umar Garba,SALE-2026-000033,Invoice issued to Umar Garba. Total: 532000.0.,Demo Administrator,2026-08-15 12:03:07,Archived,System-created archive entry; original invoice remains in Invoices.
REC-2026-000154,Issued Invoice,INV-2026-000034,CRM Operational Archive,2026-08-14,CUST-000072,Khadija Hassan,SALE-2026-000034,Invoice issued to Khadija Hassan. Total: 60000.0.,Demo Administrator,2026-08-15 12:03:07,Archived,System-created archive entry; original invoice remains in Invoices.
REC-2026-000155,Issued Invoice,INV-2026-000035,CRM Operational Archive,2026-07-05,CUST-000135,Aliyu Sani,SALE-2026-000035,Invoice issued to Aliyu Sani. Total: 68100.0.,Demo Administrator,2026-08-15 12:03:07,Archived,System-created archive entry; original invoice remains in Invoices.
REC-2026-000156,Issued Invoice,INV-2026-000036,CRM Operational Archive,2026-07-08,CUST-000111,Hadiza Bello,SALE-2026-000036,Invoice issued to Hadiza Bello. Total: 107200.0.,Demo Administrator,2026-08-15 12:03:07,Archived,System-created archive entry; original invoice remains in Invoices.
REC-2026-000157,Issued Invoice,INV-2026-000037,CRM Operational Archive,2026-07-14,CUST-000206,Ibrahim Mohammed,SALE-2026-000037,Invoice issued to Ibrahim Mohammed. Total: 126900.0.,Demo Administrator,2026-08-15 12:03:07,Archived,System-created archive entry; original invoice remains in Invoices.
REC-2026-000158,Issued Invoice,INV-2026-000038,CRM Operational Archive,2026-08-02,CUST-000038,Asma'u Tanko,SALE-2026-000038,Invoice issued to Asma'u Tanko. Total: 442300.0.,Demo Administrator,2026-08-15 12:03:07,Archived,System-created archive entry; original invoice remains in Invoices.
REC-2026-000159,Issued Invoice,INV-2026-000039,CRM Operational Archive,2026-07-12,CUST-000099,Aliyu Hassan,SALE-2026-000039,Invoice issued to Aliyu Hassan. Total: 408000.0.,Demo Administrator,2026-08-15 12:03:07,Archived,System-created archive entry; original invoice remains in Invoices.
REC-2026-000160,Issued Invoice,INV-2026-000040,CRM Operational Archive,2026-07-20,CUST-000245,Khadija Usman,SALE-2026-000040,Invoice issued to Khadija Usman. Total: 157000.0.,Demo Administrator,2026-08-15 12:03:07,Archived,System-created archive entry; original invoice remains in Invoices.
REC-2026-000161,Issued Invoice,INV-2026-000041,CRM Operational Archive,2026-08-13,CUST-000252,Khadija Mohammed,SALE-2026-000041,Invoice issued to Khadija Mohammed. Total: 124000.0.,Demo Administrator,2026-08-15 12:03:07,Archived,System-created archive entry; original invoice remains in Invoices.
REC-2026-000162,Issued Invoice,INV-2026-000042,CRM Operational Archive,2026-08-14,CUST-000212,Safiya Hassan,SALE-2026-000042,Invoice issued to Safiya Hassan. Total: 74000.0.,Demo Administrator,2026-08-15 12:03:07,Archived,System-created archive entry; original invoice remains in Invoices.
REC-2026-000163,Issued Invoice,INV-2026-000043,CRM Operational Archive,2026-08-02,CUST-000454,Abubakar Aliyu,SALE-2026-000043,Invoice issued to Abubakar Aliyu. Total: 381800.0.,Demo Administrator,2026-08-15 12:03:07,Archived,System-created archive entry; original invoice remains in Invoices.
REC-2026-000164,Issued Invoice,INV-2026-000044,CRM Operational Archive,2026-06-17,CUST-000360,Ahmed Mohammed,SALE-2026-000044,Invoice issued to Ahmed Mohammed. Total: 684600.0.,Demo Administrator,2026-08-15 12:03:07,Archived,System-created archive entry; original invoice remains in Invoices.
REC-2026-000165,Issued Invoice,INV-2026-000045,CRM Operational Archive,2026-06-19,CUST-000142,Fatima Ahmad,SALE-2026-000045,Invoice issued to Fatima Ahmad. Total: 204600.0.,Demo Administrator,2026-08-15 12:03:07,Archived,System-created archive entry; original invoice remains in Invoices.
REC-2026-000166,Issued Invoice,INV-2026-000046,CRM Operational Archive,2026-08-09,CUST-000154,Ibrahim Mohammed,SALE-2026-000046,Invoice issued to Ibrahim Mohammed. Total: 448000.0.,Demo Administrator,2026-08-15 12:03:07,Archived,System-created archive entry; original invoice remains in Invoices.
REC-2026-000167,Issued Invoice,INV-2026-000047,CRM Operational Archive,2026-07-07,CUST-000178,Muhammad Tanko,SALE-2026-000047,Invoice issued to Muhammad Tanko. Total: 79200.0.,Demo Administrator,2026-08-15 12:03:07,Archived,System-created archive entry; original invoice remains in Invoices.
REC-2026-000168,Issued Invoice,INV-2026-000048,CRM Operational Archive,2026-08-02,CUST-000504,Zainab Kabiru,SALE-2026-000048,Invoice issued to Zainab Kabiru. Total: 98400.0.,Demo Administrator,2026-08-15 12:03:07,Archived,System-created archive entry; original invoice remains in Invoices.
REC-2026-000169,Issued Invoice,INV-2026-000049,CRM Operational Archive,2026-07-13,CUST-000430,Abubakar Shehu,SALE-2026-000049,Invoice issued to Abubakar Shehu. Total: 316400.0.,Demo Administrator,2026-08-15 12:03:07,Archived,System-created archive entry; original invoice remains in Invoices.
REC-2026-000170,Issued Invoice,INV-2026-000050,CRM Operational Archive,2026-06-20,CUST-000109,Abubakar Danjuma,SALE-2026-000050,Invoice issued to Abubakar Danjuma. Total: 338400.0.,Demo Administrator,2026-08-15 12:03:07,Archived,System-created archive entry; original invoice remains in Invoices.
REC-2026-000171,Issued Invoice,INV-2026-000051,CRM Operational Archive,2026-07-15,CUST-000349,Rukayya Shehu,SALE-2026-000051,Invoice issued to Rukayya Shehu. Total: 207900.0.,Demo Administrator,2026-08-15 12:03:07,Archived,System-created archive entry; original invoice remains in Invoices.
REC-2026-000172,Issued Invoice,INV-2026-000052,CRM Operational Archive,2026-07-20,CUST-000236,Hassan Suleiman,SALE-2026-000052,Invoice issued to Hassan Suleiman. Total: 44800.0.,Demo Administrator,2026-08-15 12:03:07,Archived,System-created archive entry; original invoice remains in Invoices.
REC-2026-000173,Issued Invoice,INV-2026-000053,CRM Operational Archive,2026-06-25,CUST-000151,Aliyu Mohammed,SALE-2026-000053,Invoice issued to Aliyu Mohammed. Total: 574400.0.,Demo Administrator,2026-08-15 12:03:07,Archived,System-created archive entry; original invoice remains in Invoices.
REC-2026-000174,Issued Invoice,INV-2026-000054,CRM Operational Archive,2026-07-10,CUST-000094,Ibrahim Ibrahim,SALE-2026-000054,Invoice issued to Ibrahim Ibrahim. Total: 107800.0.,Demo Administrator,2026-08-15 12:03:07,Archived,System-created archive entry; original invoice remains in Invoices.
REC-2026-000175,Issued Invoice,INV-2026-000055,CRM Operational Archive,2026-07-02,CUST-000165,Bello Musa,SALE-2026-000055,Invoice issued to Bello Musa. Total: 155400.0.,Demo Administrator,2026-08-15 12:03:07,Archived,System-created archive entry; original invoice remains in Invoices.
REC-2026-000176,Issued Invoice,INV-2026-000056,CRM Operational Archive,2026-07-20,CUST-000156,Hussaini Usman,SALE-2026-000056,Invoice issued to Hussaini Usman. Total: 381300.0.,Demo Administrator,2026-08-15 12:03:07,Archived,System-created archive entry; original invoice remains in Invoices.
REC-2026-000177,Issued Invoice,INV-2026-000057,CRM Operational Archive,2026-06-25,CUST-000179,Usman Aliyu,SALE-2026-000057,Invoice issued to Usman Aliyu. Total: 349600.0.,Demo Administrator,2026-08-15 12:03:07,Archived,System-created archive entry; original invoice remains in Invoices.
REC-2026-000178,Issued Invoice,INV-2026-000058,CRM Operational Archive,2026-07-26,CUST-000159,Muhammad Kabiru,SALE-2026-000058,Invoice issued to Muhammad Kabiru. Total: 79400.0.,Demo Administrator,2026-08-15 12:03:07,Archived,System-created archive entry; original invoice remains in Invoices.
REC-2026-000179,Issued Invoice,INV-2026-000059,CRM Operational Archive,2026-08-04,CUST-000230,Zainab Yusuf,SALE-2026-000059,Invoice issued to Zainab Yusuf. Total: 70000.0.,Demo Administrator,2026-08-15 12:03:07,Archived,System-created archive entry; original invoice remains in Invoices.
REC-2026-000180,Issued Invoice,INV-2026-000060,CRM Operational Archive,2026-08-11,CUST-000123,Khadija Ibrahim,SALE-2026-000060,Invoice issued to Khadija Ibrahim. Total: 62700.0.,Demo Administrator,2026-08-15 12:03:07,Archived,System-created archive entry; original invoice remains in Invoices.
REC-2026-000181,Issued Invoice,INV-2026-000061,CRM Operational Archive,2026-08-07,CUST-000474,Safiya Kabiru,SALE-2026-000061,Invoice issued to Safiya Kabiru. Total: 128700.0.,Demo Administrator,2026-08-15 12:03:07,Archived,System-created archive entry; original invoice remains in Invoices.
REC-2026-000182,Issued Invoice,INV-2026-000062,CRM Operational Archive,2026-07-05,CUST-000147,Musa Lawal,SALE-2026-000062,Invoice issued to Musa Lawal. Total: 170700.0.,Demo Administrator,2026-08-15 12:03:07,Archived,System-created archive entry; original invoice remains in Invoices.
REC-2026-000183,Issued Invoice,INV-2026-000063,CRM Operational Archive,2026-06-19,CUST-000448,Hadiza Suleiman,SALE-2026-000063,Invoice issued to Hadiza Suleiman. Total: 458500.0.,Demo Administrator,2026-08-15 12:03:07,Archived,System-created archive entry; original invoice remains in Invoices.
REC-2026-000184,Issued Invoice,INV-2026-000064,CRM Operational Archive,2026-07-01,CUST-000034,Asma'u Suleiman,SALE-2026-000064,Invoice issued to Asma'u Suleiman. Total: 80600.0.,Demo Administrator,2026-08-15 12:03:07,Archived,System-created archive entry; original invoice remains in Invoices.
REC-2026-000185,Issued Invoice,INV-2026-000065,CRM Operational Archive,2026-07-20,CUST-000112,Fatima Umar,SALE-2026-000065,Invoice issued to Fatima Umar. Total: 127600.0.,Demo Administrator,2026-08-15 12:03:07,Archived,System-created archive entry; original invoice remains in Invoices.
REC-2026-000186,Issued Invoice,INV-2026-000066,CRM Operational Archive,2026-07-20,CUST-000063,Hadiza Abubakar,SALE-2026-000066,Invoice issued to Hadiza Abubakar. Total: 86100.0.,Demo Administrator,2026-08-15 12:03:07,Archived,System-created archive entry; original invoice remains in Invoices.
REC-2026-000187,Issued Invoice,INV-2026-000067,CRM Operational Archive,2026-08-01,CUST-000415,Rukayya Lawal,SALE-2026-000067,Invoice issued to Rukayya Lawal. Total: 379300.0.,Demo Administrator,2026-08-15 12:03:07,Archived,System-created archive entry; original invoice remains in Invoices.
REC-2026-000188,Issued Invoice,INV-2026-000068,CRM Operational Archive,2026-07-31,CUST-000130,Asma'u Danjuma,SALE-2026-000068,Invoice issued to Asma'u Danjuma. Total: 292300.0.,Demo Administrator,2026-08-15 12:03:07,Archived,System-created archive entry; original invoice remains in Invoices.
REC-2026-000189,Issued Invoice,INV-2026-000069,CRM Operational Archive,2026-08-12,CUST-000068,Musa Shehu,SALE-2026-000069,Invoice issued to Musa Shehu. Total: 120400.0.,Demo Administrator,2026-08-15 12:03:07,Archived,System-created archive entry; original invoice remains in Invoices.
REC-2026-000190,Issued Invoice,INV-2026-000070,CRM Operational Archive,2026-06-30,CUST-000055,Zainab Mohammed,SALE-2026-000070,Invoice issued to Zainab Mohammed. Total: 145100.0.,Demo Administrator,2026-08-15 12:03:07,Archived,System-created archive entry; original invoice remains in Invoices.
REC-2026-000191,Issued Invoice,INV-2026-000071,CRM Operational Archive,2026-06-30,CUST-000486,Zainab Ahmad,SALE-2026-000071,Invoice issued to Zainab Ahmad. Total: 158400.0.,Demo Administrator,2026-08-15 12:03:07,Archived,System-created archive entry; original invoice remains in Invoices.
REC-2026-000192,Issued Invoice,INV-2026-000072,CRM Operational Archive,2026-07-30,CUST-000375,Yusuf Ibrahim,SALE-2026-000072,Invoice issued to Yusuf Ibrahim. Total: 401000.0.,Demo Administrator,2026-08-15 12:03:07,Archived,System-created archive entry; original invoice remains in Invoices.
REC-2026-000193,Issued Invoice,INV-2026-000073,CRM Operational Archive,2026-08-12,CUST-000417,Hadiza Umar,SALE-2026-000073,Invoice issued to Hadiza Umar. Total: 46400.0.,Demo Administrator,2026-08-15 12:03:07,Archived,System-created archive entry; original invoice remains in Invoices.
REC-2026-000194,Issued Invoice,INV-2026-000074,CRM Operational Archive,2026-08-08,CUST-000397,Maryam Garba,SALE-2026-000074,Invoice issued to Maryam Garba. Total: 53900.0.,Demo Administrator,2026-08-15 12:03:07,Archived,System-created archive entry; original invoice remains in Invoices.
REC-2026-000195,Issued Invoice,INV-2026-000075,CRM Operational Archive,2026-08-05,CUST-000182,Abubakar Abubakar,SALE-2026-000075,Invoice issued to Abubakar Abubakar. Total: 89000.0.,Demo Administrator,2026-08-15 12:03:07,Archived,System-created archive entry; original invoice remains in Invoices.
REC-2026-000196,Issued Invoice,INV-2026-000076,CRM Operational Archive,2026-06-22,CUST-000163,Rukayya Mohammed,SALE-2026-000076,Invoice issued to Rukayya Mohammed. Total: 392000.0.,Demo Administrator,2026-08-15 12:03:07,Archived,System-created archive entry; original invoice remains in Invoices.
REC-2026-000197,Issued Invoice,INV-2026-000077,CRM Operational Archive,2026-07-11,CUST-000141,Abdullahi Garba,SALE-2026-000077,Invoice issued to Abdullahi Garba. Total: 144000.0.,Demo Administrator,2026-08-15 12:03:07,Archived,System-created archive entry; original invoice remains in Invoices.
REC-2026-000198,Issued Invoice,INV-2026-000078,CRM Operational Archive,2026-07-09,CUST-000019,Aliyu Musa,SALE-2026-000078,Invoice issued to Aliyu Musa. Total: 179800.0.,Demo Administrator,2026-08-15 12:03:07,Archived,System-created archive entry; original invoice remains in Invoices.
REC-2026-000199,Issued Invoice,INV-2026-000079,CRM Operational Archive,2026-08-10,CUST-000233,Sani Hassan,SALE-2026-000079,Invoice issued to Sani Hassan. Total: 178100.0.,Demo Administrator,2026-08-15 12:03:07,Archived,System-created archive entry; original invoice remains in Invoices.
REC-2026-000200,Issued Invoice,INV-2026-000080,CRM Operational Archive,2026-08-03,CUST-000180,Aliyu Kabiru,SALE-2026-000080,Invoice issued to Aliyu Kabiru. Total: 545500.0.,Demo Administrator,2026-08-15 12:03:07,Archived,System-created archive entry; original invoice remains in Invoices.
REC-2026-000201,Issued Invoice,INV-2026-000081,CRM Operational Archive,2026-06-25,CUST-000476,Khadija Tanko,SALE-2026-000081,Invoice issued to Khadija Tanko. Total: 312000.0.,Demo Administrator,2026-08-15 12:03:07,Archived,System-created archive entry; original invoice remains in Invoices.
REC-2026-000202,Issued Invoice,INV-2026-000082,CRM Operational Archive,2026-08-14,CUST-000369,Maryam Sani,SALE-2026-000082,Invoice issued to Maryam Sani. Total: 120500.0.,Demo Administrator,2026-08-15 12:03:07,Archived,System-created archive entry; original invoice remains in Invoices.
REC-2026-000203,Issued Invoice,INV-2026-000083,CRM Operational Archive,2026-07-01,CUST-000333,Khadija Garba,SALE-2026-000083,Invoice issued to Khadija Garba. Total: 263400.0.,Demo Administrator,2026-08-15 12:03:07,Archived,System-created archive entry; original invoice remains in Invoices.
REC-2026-000204,Issued Invoice,INV-2026-000084,CRM Operational Archive,2026-07-18,CUST-000276,Aisha Danjuma,SALE-2026-000084,Invoice issued to Aisha Danjuma. Total: 747000.0.,Demo Administrator,2026-08-15 12:03:07,Archived,System-created archive entry; original invoice remains in Invoices.
REC-2026-000205,Issued Invoice,INV-2026-000085,CRM Operational Archive,2026-06-19,CUST-000502,Aisha Sani,SALE-2026-000085,Invoice issued to Aisha Sani. Total: 319800.0.,Demo Administrator,2026-08-15 12:03:07,Archived,System-created archive entry; original invoice remains in Invoices.
REC-2026-000206,Issued Invoice,INV-2026-000086,CRM Operational Archive,2026-08-12,CUST-000283,Aliyu Mohammed,SALE-2026-000086,Invoice issued to Aliyu Mohammed. Total: 119000.0.,Demo Administrator,2026-08-15 12:03:07,Archived,System-created archive entry; original invoice remains in Invoices.
REC-2026-000207,Issued Invoice,INV-2026-000087,CRM Operational Archive,2026-07-20,CUST-000053,Ahmed Usman,SALE-2026-000087,Invoice issued to Ahmed Usman. Total: 447200.0.,Demo Administrator,2026-08-15 12:03:07,Archived,System-created archive entry; original invoice remains in Invoices.
REC-2026-000208,Issued Invoice,INV-2026-000088,CRM Operational Archive,2026-07-20,CUST-000374,Musa Ibrahim,SALE-2026-000088,Invoice issued to Musa Ibrahim. Total: 38800.0.,Demo Administrator,2026-08-15 12:03:07,Archived,System-created archive entry; original invoice remains in Invoices.
REC-2026-000209,Issued Invoice,INV-2026-000089,CRM Operational Archive,2026-07-18,CUST-000272,Fatima Sani,SALE-2026-000089,Invoice issued to Fatima Sani. Total: 112100.0.,Demo Administrator,2026-08-15 12:03:07,Archived,System-created archive entry; original invoice remains in Invoices.
REC-2026-000210,Issued Invoice,INV-2026-000090,CRM Operational Archive,2026-06-16,CUST-000171,Abdullahi Suleiman,SALE-2026-000090,Invoice issued to Abdullahi Suleiman. Total: 314000.0.,Demo Administrator,2026-08-15 12:03:07,Archived,System-created archive entry; original invoice remains in Invoices.
REC-2026-000211,Issued Invoice,INV-2026-000091,CRM Operational Archive,2026-08-14,CUST-000411,Hassan Musa,SALE-2026-000091,Invoice issued to Hassan Musa. Total: 76100.0.,Demo Administrator,2026-08-15 12:03:07,Archived,System-created archive entry; original invoice remains in Invoices.
REC-2026-000212,Issued Invoice,INV-2026-000092,CRM Operational Archive,2026-07-26,CUST-000046,Aisha Abubakar,SALE-2026-000092,Invoice issued to Aisha Abubakar. Total: 540600.0.,Demo Administrator,2026-08-15 12:03:07,Archived,System-created archive entry; original invoice remains in Invoices.
REC-2026-000213,Issued Invoice,INV-2026-000093,CRM Operational Archive,2026-07-19,CUST-000251,Bello Usman,SALE-2026-000093,Invoice issued to Bello Usman. Total: 264600.0.,Demo Administrator,2026-08-15 12:03:07,Archived,System-created archive entry; original invoice remains in Invoices.
REC-2026-000214,Issued Invoice,INV-2026-000094,CRM Operational Archive,2026-07-15,CUST-000348,Maryam Ibrahim,SALE-2026-000094,Invoice issued to Maryam Ibrahim. Total: 297900.0.,Demo Administrator,2026-08-15 12:03:07,Archived,System-created archive entry; original invoice remains in Invoices.
REC-2026-000215,Issued Invoice,INV-2026-000095,CRM Operational Archive,2026-07-19,CUST-000310,Rukayya Lawal,SALE-2026-000095,Invoice issued to Rukayya Lawal. Total: 136800.0.,Demo Administrator,2026-08-15 12:03:07,Archived,System-created archive entry; original invoice remains in Invoices.
REC-2026-000216,Issued Invoice,INV-2026-000096,CRM Operational Archive,2026-06-19,CUST-000255,Sani Umar,SALE-2026-000096,Invoice issued to Sani Umar. Total: 244500.0.,Demo Administrator,2026-08-15 12:03:07,Archived,System-created archive entry; original invoice remains in Invoices.
REC-2026-000217,Issued Invoice,INV-2026-000097,CRM Operational Archive,2026-07-05,CUST-000453,Ahmed Tanko,SALE-2026-000097,Invoice issued to Ahmed Tanko. Total: 478100.0.,Demo Administrator,2026-08-15 12:03:07,Archived,System-created archive entry; original invoice remains in Invoices.
REC-2026-000218,Issued Invoice,INV-2026-000098,CRM Operational Archive,2026-06-17,CUST-000510,Hussaini Musa,SALE-2026-000098,Invoice issued to Hussaini Musa. Total: 91200.0.,Demo Administrator,2026-08-15 12:03:07,Archived,System-created archive entry; original invoice remains in Invoices.
REC-2026-000219,Issued Invoice,INV-2026-000099,CRM Operational Archive,2026-07-12,CUST-000512,Mustapha Shehu,SALE-2026-000099,Invoice issued to Mustapha Shehu. Total: 21000.0.,Demo Administrator,2026-08-15 12:03:07,Archived,System-created archive entry; original invoice remains in Invoices.
REC-2026-000220,Issued Invoice,INV-2026-000100,CRM Operational Archive,2026-06-24,CUST-000131,Sani Mohammed,SALE-2026-000100,Invoice issued to Sani Mohammed. Total: 17500.0.,Demo Administrator,2026-08-15 12:03:07,Archived,System-created archive entry; original invoice remains in Invoices.
REC-2026-000221,Issued Invoice,INV-2026-000101,CRM Operational Archive,2026-07-05,CUST-000435,Hauwa Aliyu,SALE-2026-000101,Invoice issued to Hauwa Aliyu. Total: 564900.0.,Demo Administrator,2026-08-15 12:03:07,Archived,System-created archive entry; original invoice remains in Invoices.
REC-2026-000222,Issued Invoice,INV-2026-000102,CRM Operational Archive,2026-07-14,CUST-000147,Musa Lawal,SALE-2026-000102,Invoice issued to Musa Lawal. Total: 171100.0.,Demo Administrator,2026-08-15 12:03:07,Archived,System-created archive entry; original invoice remains in Invoices.
REC-2026-000223,Issued Invoice,INV-2026-000103,CRM Operational Archive,2026-08-01,CUST-000065,Hassan Umar,SALE-2026-000103,Invoice issued to Hassan Umar. Total: 384800.0.,Demo Administrator,2026-08-15 12:03:07,Archived,System-created archive entry; original invoice remains in Invoices.
REC-2026-000224,Issued Invoice,INV-2026-000104,CRM Operational Archive,2026-07-28,CUST-000216,Muhammad Shehu,SALE-2026-000104,Invoice issued to Muhammad Shehu. Total: 625500.0.,Demo Administrator,2026-08-15 12:03:07,Archived,System-created archive entry; original invoice remains in Invoices.
REC-2026-000225,Issued Invoice,INV-2026-000105,CRM Operational Archive,2026-07-01,CUST-000486,Zainab Ahmad,SALE-2026-000105,Invoice issued to Zainab Ahmad. Total: 603900.0.,Demo Administrator,2026-08-15 12:03:07,Archived,System-created archive entry; original invoice remains in Invoices.
REC-2026-000226,Issued Invoice,INV-2026-000106,CRM Operational Archive,2026-08-09,CUST-000382,Khadija Umar,SALE-2026-000106,Invoice issued to Khadija Umar. Total: 333600.0.,Demo Administrator,2026-08-15 12:03:07,Archived,System-created archive entry; original invoice remains in Invoices.
REC-2026-000227,Issued Invoice,INV-2026-000107,CRM Operational Archive,2026-07-17,CUST-000404,Abdullahi Usman,SALE-2026-000107,Invoice issued to Abdullahi Usman. Total: 160500.0.,Demo Administrator,2026-08-15 12:03:07,Archived,System-created archive entry; original invoice remains in Invoices.
REC-2026-000228,Issued Invoice,INV-2026-000108,CRM Operational Archive,2026-06-20,CUST-000177,Yusuf Kabiru,SALE-2026-000108,Invoice issued to Yusuf Kabiru. Total: 510900.0.,Demo Administrator,2026-08-15 12:03:07,Archived,System-created archive entry; original invoice remains in Invoices.
REC-2026-000229,Issued Invoice,INV-2026-000109,CRM Operational Archive,2026-06-24,CUST-000216,Muhammad Shehu,SALE-2026-000109,Invoice issued to Muhammad Shehu. Total: 222000.0.,Demo Administrator,2026-08-15 12:03:07,Archived,System-created archive entry; original invoice remains in Invoices.
REC-2026-000230,Issued Invoice,INV-2026-000110,CRM Operational Archive,2026-08-06,CUST-000443,Muhammad Hassan,SALE-2026-000110,Invoice issued to Muhammad Hassan. Total: 229700.0.,Demo Administrator,2026-08-15 12:03:07,Archived,System-created archive entry; original invoice remains in Invoices.
REC-2026-000231,Issued Invoice,INV-2026-000111,CRM Operational Archive,2026-07-08,CUST-000161,Abubakar Aliyu,SALE-2026-000111,Invoice issued to Abubakar Aliyu. Total: 605200.0.,Demo Administrator,2026-08-15 12:03:07,Archived,System-created archive entry; original invoice remains in Invoices.
REC-2026-000232,Issued Invoice,INV-2026-000112,CRM Operational Archive,2026-07-31,CUST-000194,Rukayya Hassan,SALE-2026-000112,Invoice issued to Rukayya Hassan. Total: 153700.0.,Demo Administrator,2026-08-15 12:03:07,Archived,System-created archive entry; original invoice remains in Invoices.
REC-2026-000233,Issued Invoice,INV-2026-000113,CRM Operational Archive,2026-06-28,CUST-000501,Umar Ibrahim,SALE-2026-000113,Invoice issued to Umar Ibrahim. Total: 504000.0.,Demo Administrator,2026-08-15 12:03:07,Archived,System-created archive entry; original invoice remains in Invoices.
REC-2026-000234,Issued Invoice,INV-2026-000114,CRM Operational Archive,2026-06-18,CUST-000131,Sani Mohammed,SALE-2026-000114,Invoice issued to Sani Mohammed. Total: 261800.0.,Demo Administrator,2026-08-15 12:03:07,Archived,System-created archive entry; original invoice remains in Invoices.
REC-2026-000235,Issued Invoice,INV-2026-000115,CRM Operational Archive,2026-08-11,CUST-000503,Sani Ibrahim,SALE-2026-000115,Invoice issued to Sani Ibrahim. Total: 88200.0.,Demo Administrator,2026-08-15 12:03:07,Archived,System-created archive entry; original invoice remains in Invoices.
REC-2026-000236,Issued Invoice,INV-2026-000116,CRM Operational Archive,2026-07-21,CUST-000329,Hauwa Yusuf,SALE-2026-000116,Invoice issued to Hauwa Yusuf. Total: 176300.0.,Demo Administrator,2026-08-15 12:03:07,Archived,System-created archive entry; original invoice remains in Invoices.
REC-2026-000237,Issued Invoice,INV-2026-000117,CRM Operational Archive,2026-07-15,CUST-000100,Asma'u Tanko,SALE-2026-000117,Invoice issued to Asma'u Tanko. Total: 210000.0.,Demo Administrator,2026-08-15 12:03:07,Archived,System-created archive entry; original invoice remains in Invoices.
REC-2026-000238,Issued Invoice,INV-2026-000118,CRM Operational Archive,2026-07-27,CUST-000335,Aisha Suleiman,SALE-2026-000118,Invoice issued to Aisha Suleiman. Total: 614400.0.,Demo Administrator,2026-08-15 12:03:07,Archived,System-created archive entry; original invoice remains in Invoices.
REC-2026-000239,Issued Invoice,INV-2026-000119,CRM Operational Archive,2026-06-30,CUST-000438,Mustapha Ibrahim,SALE-2026-000119,Invoice issued to Mustapha Ibrahim. Total: 167500.0.,Demo Administrator,2026-08-15 12:03:07,Archived,System-created archive entry; original invoice remains in Invoices.
REC-2026-000240,Issued Invoice,INV-2026-000120,CRM Operational Archive,2026-06-21,CUST-000073,Ahmed Suleiman,SALE-2026-000120,Invoice issued to Ahmed Suleiman. Total: 311100.0.,Demo Administrator,2026-08-15 12:03:07,Archived,System-created archive entry; original invoice remains in Invoices.
REC-2026-000241,Completed Delivery,DEL-2026-000004,CRM Operational Archive,2026-07-17,CUST-000404,Abdullahi Usman,SALE-2026-000107,Delivery completed for Abdullahi Usman via truck KT-214-XY.,Demo Administrator,2026-08-15 12:03:07,Archived,System-created archive entry; original delivery remains in Logistics.
REC-2026-000242,Completed Delivery,DEL-2026-000005,CRM Operational Archive,2026-07-05,CUST-000327,Rukayya Bello,SALE-2026-000010,Delivery completed for Rukayya Bello via truck KT-726-XY.,Demo Administrator,2026-08-15 12:03:07,Archived,System-created archive entry; original delivery remains in Logistics.
REC-2026-000243,Completed Delivery,DEL-2026-000007,CRM Operational Archive,2026-07-20,CUST-000245,Khadija Usman,SALE-2026-000040,Delivery completed for Khadija Usman via truck KT-214-XY.,Demo Administrator,2026-08-15 12:03:07,Archived,System-created archive entry; original delivery remains in Logistics.
REC-2026-000244,Completed Delivery,DEL-2026-000010,CRM Operational Archive,2026-08-14,CUST-000369,Maryam Sani,SALE-2026-000082,Delivery completed for Maryam Sani via truck KT-958-XY.,Demo Administrator,2026-08-15 12:03:07,Archived,System-created archive entry; original delivery remains in Logistics.
REC-2026-000245,Completed Delivery,DEL-2026-000015,CRM Operational Archive,2026-07-09,CUST-000019,Aliyu Musa,SALE-2026-000078,Delivery completed for Aliyu Musa via truck KT-391-XY.,Demo Administrator,2026-08-15 12:03:07,Archived,System-created archive entry; original delivery remains in Logistics.
REC-2026-000246,Completed Delivery,DEL-2026-000016,CRM Operational Archive,2026-07-14,CUST-000147,Musa Lawal,SALE-2026-000102,Delivery completed for Musa Lawal via truck KT-746-XY.,Demo Administrator,2026-08-15 12:03:07,Archived,System-created archive entry; original delivery remains in Logistics.
REC-2026-000247,Completed Delivery,DEL-2026-000017,CRM Operational Archive,2026-06-19,CUST-000448,Hadiza Suleiman,SALE-2026-000063,Delivery completed for Hadiza Suleiman via truck KT-857-XY.,Demo Administrator,2026-08-15 12:03:07,Archived,System-created archive entry; original delivery remains in Logistics.
REC-2026-000248,Completed Delivery,DEL-2026-000020,CRM Operational Archive,2026-08-14,CUST-000212,Safiya Hassan,SALE-2026-000042,Delivery completed for Safiya Hassan via truck KT-746-XY.,Demo Administrator,2026-08-15 12:03:07,Archived,System-created archive entry; original delivery remains in Logistics.
REC-2026-000249,Completed Delivery,DEL-2026-000034,CRM Operational Archive,2026-07-24,CUST-000069,Usman Yusuf,SALE-2026-000027,Delivery completed for Usman Yusuf via truck KT-857-XY.,Demo Administrator,2026-08-15 12:03:07,Archived,System-created archive entry; original delivery remains in Logistics.
REC-2026-000250,Completed Delivery,DEL-2026-000040,CRM Operational Archive,2026-07-14,CUST-000147,Musa Lawal,SALE-2026-000102,Delivery completed for Musa Lawal via truck KT-746-XY.,Demo Administrator,2026-08-15 12:03:07,Archived,System-created archive entry; original delivery remains in Logistics.
REC-2026-000251,Completed Delivery,DEL-2026-000041,CRM Operational Archive,2026-07-20,CUST-000156,Hussaini Usman,SALE-2026-000056,Delivery completed for Hussaini Usman via truck KT-947-XY.,Demo Administrator,2026-08-15 12:03:07,Archived,System-created archive entry; original delivery remains in Logistics.
REC-2026-000252,Completed Delivery,DEL-2026-000042,CRM Operational Archive,2026-07-18,CUST-000276,Aisha Danjuma,SALE-2026-000084,Delivery completed for Aisha Danjuma via truck KT-746-XY.,Demo Administrator,2026-08-15 12:03:07,Archived,System-created archive entry; original delivery remains in Logistics.
REC-2026-000253,Completed Delivery,DEL-2026-000044,CRM Operational Archive,2026-07-12,CUST-000353,Usman Danjuma,SALE-2026-000014,Delivery completed for Usman Danjuma via truck KT-746-XY.,Demo Administrator,2026-08-15 12:03:07,Archived,System-created archive entry; original delivery remains in Logistics.
REC-2026-000254,Completed Delivery,DEL-2026-000050,CRM Operational Archive,2026-08-02,CUST-000038,Asma'u Tanko,SALE-2026-000038,Delivery completed for Asma'u Tanko via truck KT-947-XY.,Demo Administrator,2026-08-15 12:03:07,Archived,System-created archive entry; original delivery remains in Logistics.
REC-2026-000255,Paid Expenditure,EXP-2026-000008,CRM Operational Archive,2026-08-03,,,EXP-2026-000008,Expenditure paid for Sales: Demo expenditure request EXP-2026-000008.,Demo Administrator,2026-08-15 12:03:07,Archived,System-created archive entry; original expenditure remains in Expenditures.
REC-2026-000256,Paid Expenditure,EXP-2026-000013,CRM Operational Archive,2026-08-06,,,EXP-2026-000013,Expenditure paid for Warehouse: Demo expenditure request EXP-2026-000013.,Demo Administrator,2026-08-15 12:03:07,Archived,System-created archive entry; original expenditure remains in Expenditures.
REC-2026-000257,Paid Expenditure,EXP-2026-000017,CRM Operational Archive,2026-08-13,,,EXP-2026-000017,Expenditure paid for Sales: Demo expenditure request EXP-2026-000017.,Demo Administrator,2026-08-15 12:03:07,Archived,System-created archive entry; original expenditure remains in Expenditures.
REC-2026-000258,Completed Sale,SALE-2026-000121,CRM Operational Archive,2026-08-15,CUST-000100,Asma'u Tanko,,Sale completed for Asma'u Tanko. Total: 165000.0.,Demo Administrator,2026-08-15 13:08:51,Archived,System-created archive entry; original sale remains in Sales.
REC-2026-000259,Issued Invoice,INV-2026-000121,CRM Operational Archive,2026-08-15,CUST-000100,Asma'u Tanko,SALE-2026-000121,Invoice issued to Asma'u Tanko. Total: 165000.0.,Demo Administrator,2026-08-15 13:08:51,Archived,System-created archive entry; original invoice remains in Invoices.
