Sale Item ID,Sale ID,Product ID,Product Name,Quantity,Unit Price,Discount,Line Total
SLITEM-000001,SALE-2026-000001,PROD-000141,Classic Crackers,15.0,15000.0,0.0,225000.0
SLITEM-000002,SALE-2026-000002,PROD-000400,Strawberry Cream,21.0,15900.0,10000.0,323900.0
SLITEM-000003,SALE-2026-000003,PROD-000369,Butter Delight,35.0,17600.0,0.0,616000.0
SLITEM-000004,SALE-2026-000004,PROD-000051,Classic Cream,40.0,15200.0,12200.0,595800.0
SLITEM-000005,SALE-2026-000005,PROD-000035,Milk Crunch,24.0,12900.0,0.0,309600.0
SLITEM-000006,SALE-2026-000006,PROD-000213,Strawberry Cream,24.0,12300.0,0.0,295200.0
SLITEM-000007,SALE-2026-000007,PROD-000074,Premium Wafer,35.0,4600.0,3200.0,157800.0
SLITEM-000008,SALE-2026-000008,PROD-000070,Strawberry Cream,23.0,12800.0,8800.0,285600.0
SLITEM-000009,SALE-2026-000009,PROD-000012,Premium Wafer,6.0,5600.0,700.0,32900.0
SLITEM-000010,SALE-2026-000010,PROD-000097,Family Pack,21.0,11700.0,7400.0,238300.0
SLITEM-000011,SALE-2026-000011,PROD-000225,Vanilla Cream,7.0,18500.0,2600.0,126900.0
SLITEM-000012,SALE-2026-000012,PROD-000501,Caramel Cream,32.0,19900.0,0.0,636800.0
SLITEM-000013,SALE-2026-000013,PROD-000207,Butter Delight,39.0,4300.0,3400.0,164300.0
SLITEM-000014,SALE-2026-000014,PROD-000413,Chocolate Delight,39.0,16300.0,0.0,635700.0
SLITEM-000015,SALE-2026-000015,PROD-000444,Chocolate Delight,34.0,7100.0,0.0,241400.0
SLITEM-000016,SALE-2026-000016,PROD-000150,Chocolate Delight,35.0,11300.0,11900.0,383600.0
SLITEM-000017,SALE-2026-000017,PROD-000125,Vanilla Cream,21.0,7300.0,0.0,153300.0
SLITEM-000018,SALE-2026-000018,PROD-000285,Golden Crunch,18.0,4300.0,2300.0,75100.0
SLITEM-000019,SALE-2026-000019,PROD-000487,Milk Crunch,27.0,9700.0,0.0,261900.0
SLITEM-000020,SALE-2026-000020,PROD-000309,Vanilla Cream,16.0,12000.0,3800.0,188200.0
SLITEM-000021,SALE-2026-000021,PROD-000443,Classic Cream,17.0,13400.0,0.0,227800.0
SLITEM-000022,SALE-2026-000022,PROD-000221,Butter Delight,43.0,17700.0,22800.0,738300.0
SLITEM-000023,SALE-2026-000023,PROD-000339,Classic Cream,40.0,8000.0,0.0,320000.0
SLITEM-000024,SALE-2026-000024,PROD-000082,Rich Chocolate,34.0,6300.0,0.0,214200.0
SLITEM-000025,SALE-2026-000025,PROD-000317,Cocoa Sandwich,44.0,17000.0,22400.0,725600.0
SLITEM-000026,SALE-2026-000026,PROD-000298,Chocolate Delight,10.0,13400.0,0.0,134000.0
SLITEM-000027,SALE-2026-000027,PROD-000397,Premium Wafer,38.0,10100.0,11500.0,372300.0
SLITEM-000028,SALE-2026-000028,PROD-000123,Cocoa Sandwich,22.0,11300.0,0.0,248600.0
SLITEM-000029,SALE-2026-000029,PROD-000254,Classic Crackers,25.0,4300.0,2200.0,105300.0
SLITEM-000030,SALE-2026-000030,PROD-000014,Classic Crackers,23.0,8600.0,0.0,197800.0
SLITEM-000031,SALE-2026-000031,PROD-000286,Honey Crunch,34.0,15500.0,0.0,527000.0
SLITEM-000032,SALE-2026-000032,PROD-000408,Premium Wafer,5.0,8600.0,0.0,43000.0
SLITEM-000033,SALE-2026-000033,PROD-000414,Coconut Crunch,40.0,13300.0,0.0,532000.0
SLITEM-000034,SALE-2026-000034,PROD-000057,Family Pack,6.0,10000.0,0.0,60000.0
SLITEM-000035,SALE-2026-000035,PROD-000020,Vanilla Cream,6.0,11700.0,2100.0,68100.0
SLITEM-000036,SALE-2026-000036,PROD-000455,Honey Crunch,8.0,13400.0,0.0,107200.0
SLITEM-000037,SALE-2026-000037,PROD-000225,Vanilla Cream,7.0,18500.0,2600.0,126900.0
SLITEM-000038,SALE-2026-000038,PROD-000320,Classic Crackers,38.0,12000.0,13700.0,442300.0
SLITEM-000039,SALE-2026-000039,PROD-000431,Milk Crunch,30.0,13600.0,0.0,408000.0
SLITEM-000040,SALE-2026-000040,PROD-000365,Butter Delight,10.0,15700.0,0.0,157000.0
SLITEM-000041,SALE-2026-000041,PROD-000524,Vanilla Cream,20.0,6200.0,0.0,124000.0
SLITEM-000042,SALE-2026-000042,PROD-000004,Cocoa Sandwich,5.0,15100.0,1500.0,74000.0
SLITEM-000043,SALE-2026-000043,PROD-000089,Chocolate Delight,32.0,12300.0,11800.0,381800.0
SLITEM-000044,SALE-2026-000044,PROD-000183,Honey Crunch,42.0,16300.0,0.0,684600.0
SLITEM-000045,SALE-2026-000045,PROD-000429,Rich Chocolate,33.0,6200.0,0.0,204600.0
SLITEM-000046,SALE-2026-000046,PROD-000461,Cocoa Sandwich,35.0,12800.0,0.0,448000.0
SLITEM-000047,SALE-2026-000047,PROD-000174,Cocoa Sandwich,18.0,4400.0,0.0,79200.0
SLITEM-000048,SALE-2026-000048,PROD-000063,Caramel Cream,13.0,7800.0,3000.0,98400.0
SLITEM-000049,SALE-2026-000049,PROD-000126,Caramel Cream,28.0,11300.0,0.0,316400.0
SLITEM-000050,SALE-2026-000050,PROD-000300,Vanilla Cream,36.0,9400.0,0.0,338400.0
SLITEM-000051,SALE-2026-000051,PROD-000322,Chocolate Delight,21.0,10100.0,4200.0,207900.0
SLITEM-000052,SALE-2026-000052,PROD-000338,Classic Crackers,11.0,4200.0,1400.0,44800.0
SLITEM-000053,SALE-2026-000053,PROD-000325,Vanilla Cream,42.0,14100.0,17800.0,574400.0
SLITEM-000054,SALE-2026-000054,PROD-000142,Coconut Crunch,22.0,4900.0,0.0,107800.0
SLITEM-000055,SALE-2026-000055,PROD-000386,Strawberry Cream,21.0,7400.0,0.0,155400.0
SLITEM-000056,SALE-2026-000056,PROD-000175,Family Pack,41.0,9300.0,0.0,381300.0
SLITEM-000057,SALE-2026-000057,PROD-000016,Rich Chocolate,38.0,9200.0,0.0,349600.0
SLITEM-000058,SALE-2026-000058,PROD-000159,Honey Crunch,6.0,13500.0,1600.0,79400.0
SLITEM-000059,SALE-2026-000059,PROD-000479,Butter Delight,6.0,11900.0,1400.0,70000.0
SLITEM-000060,SALE-2026-000060,PROD-000461,Cocoa Sandwich,5.0,12800.0,1300.0,62700.0
SLITEM-000061,SALE-2026-000061,PROD-000056,Chocolate Delight,11.0,11700.0,0.0,128700.0
SLITEM-000062,SALE-2026-000062,PROD-000352,Classic Crackers,16.0,11000.0,5300.0,170700.0
SLITEM-000063,SALE-2026-000063,PROD-000200,Classic Crackers,35.0,13100.0,0.0,458500.0
SLITEM-000064,SALE-2026-000064,PROD-000524,Vanilla Cream,13.0,6200.0,0.0,80600.0
SLITEM-000065,SALE-2026-000065,PROD-000180,Rich Chocolate,11.0,11600.0,0.0,127600.0
SLITEM-000066,SALE-2026-000066,PROD-000467,Caramel Cream,7.0,12300.0,0.0,86100.0
SLITEM-000067,SALE-2026-000067,PROD-000403,Milk Crunch,43.0,9000.0,7700.0,379300.0
SLITEM-000068,SALE-2026-000068,PROD-000503,Cocoa Sandwich,23.0,13100.0,9000.0,292300.0
SLITEM-000069,SALE-2026-000069,PROD-000207,Butter Delight,28.0,4300.0,0.0,120400.0
SLITEM-000070,SALE-2026-000070,PROD-000447,Caramel Cream,17.0,8800.0,4500.0,145100.0
SLITEM-000071,SALE-2026-000071,PROD-000075,Vanilla Cream,12.0,13200.0,0.0,158400.0
SLITEM-000072,SALE-2026-000072,PROD-000075,Vanilla Cream,31.0,13200.0,8200.0,401000.0
SLITEM-000073,SALE-2026-000073,PROD-000017,Rich Chocolate,11.0,4300.0,900.0,46400.0
SLITEM-000074,SALE-2026-000074,PROD-000079,Butter Delight,7.0,7700.0,0.0,53900.0
SLITEM-000075,SALE-2026-000075,PROD-000360,Cocoa Sandwich,5.0,17800.0,0.0,89000.0
SLITEM-000076,SALE-2026-000076,PROD-000002,Coconut Crunch,28.0,14000.0,0.0,392000.0
SLITEM-000077,SALE-2026-000077,PROD-000257,Butter Delight,12.0,12000.0,0.0,144000.0
SLITEM-000078,SALE-2026-000078,PROD-000137,Honey Crunch,18.0,10300.0,5600.0,179800.0
SLITEM-000079,SALE-2026-000079,PROD-000384,Classic Cream,13.0,13700.0,0.0,178100.0
SLITEM-000080,SALE-2026-000080,PROD-000222,Family Pack,38.0,14800.0,16900.0,545500.0
SLITEM-000081,SALE-2026-000081,PROD-000498,Chocolate Delight,30.0,10400.0,0.0,312000.0
SLITEM-000082,SALE-2026-000082,PROD-000313,Classic Crackers,15.0,8200.0,2500.0,120500.0
SLITEM-000083,SALE-2026-000083,PROD-000294,Chocolate Delight,14.0,19200.0,5400.0,263400.0
SLITEM-000084,SALE-2026-000084,PROD-000073,Vanilla Cream,45.0,16600.0,0.0,747000.0
SLITEM-000085,SALE-2026-000085,PROD-000318,Golden Crunch,21.0,15700.0,9900.0,319800.0
SLITEM-000086,SALE-2026-000086,PROD-000479,Butter Delight,10.0,11900.0,0.0,119000.0
SLITEM-000087,SALE-2026-000087,PROD-000371,Butter Delight,26.0,17200.0,0.0,447200.0
SLITEM-000088,SALE-2026-000088,PROD-000465,Chocolate Delight,5.0,8000.0,1200.0,38800.0
SLITEM-000089,SALE-2026-000089,PROD-000226,Rich Chocolate,19.0,5900.0,0.0,112100.0
SLITEM-000090,SALE-2026-000090,PROD-000399,Rich Chocolate,39.0,8300.0,9700.0,314000.0
SLITEM-000091,SALE-2026-000091,PROD-000289,Chocolate Delight,21.0,3700.0,1600.0,76100.0
SLITEM-000092,SALE-2026-000092,PROD-000250,Golden Crunch,34.0,15900.0,0.0,540600.0
SLITEM-000093,SALE-2026-000093,PROD-000131,Cocoa Sandwich,31.0,8800.0,8200.0,264600.0
SLITEM-000094,SALE-2026-000094,PROD-000399,Rich Chocolate,37.0,8300.0,9200.0,297900.0
SLITEM-000095,SALE-2026-000095,PROD-000060,Honey Crunch,36.0,3800.0,0.0,136800.0
SLITEM-000096,SALE-2026-000096,PROD-000442,Classic Cream,15.0,16300.0,0.0,244500.0
SLITEM-000097,SALE-2026-000097,PROD-000420,Classic Cream,41.0,11900.0,9800.0,478100.0
SLITEM-000098,SALE-2026-000098,PROD-000091,Premium Wafer,12.0,7600.0,0.0,91200.0
SLITEM-000099,SALE-2026-000099,PROD-000418,Butter Delight,6.0,3500.0,0.0,21000.0
SLITEM-000100,SALE-2026-000100,PROD-000172,Family Pack,5.0,3600.0,500.0,17500.0
SLITEM-000101,SALE-2026-000101,PROD-000149,Cocoa Sandwich,44.0,13100.0,11500.0,564900.0
SLITEM-000102,SALE-2026-000102,PROD-000053,Honey Crunch,29.0,5900.0,0.0,171100.0
SLITEM-000103,SALE-2026-000103,PROD-000479,Butter Delight,33.0,11900.0,7900.0,384800.0
SLITEM-000104,SALE-2026-000104,PROD-000170,Caramel Cream,45.0,13900.0,0.0,625500.0
SLITEM-000105,SALE-2026-000105,PROD-000451,Butter Delight,33.0,18300.0,0.0,603900.0
SLITEM-000106,SALE-2026-000106,PROD-000222,Family Pack,23.0,14800.0,6800.0,333600.0
SLITEM-000107,SALE-2026-000107,PROD-000450,Honey Crunch,13.0,12600.0,3300.0,160500.0
SLITEM-000108,SALE-2026-000108,PROD-000065,Classic Cream,39.0,13100.0,0.0,510900.0
SLITEM-000109,SALE-2026-000109,PROD-000222,Family Pack,15.0,14800.0,0.0,222000.0
SLITEM-000110,SALE-2026-000110,PROD-000406,Caramel Cream,37.0,6400.0,7100.0,229700.0
SLITEM-000111,SALE-2026-000111,PROD-000171,Honey Crunch,34.0,17800.0,0.0,605200.0
SLITEM-000112,SALE-2026-000112,PROD-000122,Chocolate Delight,16.0,9800.0,3100.0,153700.0
SLITEM-000113,SALE-2026-000113,PROD-000093,Caramel Cream,28.0,18000.0,0.0,504000.0
SLITEM-000114,SALE-2026-000114,PROD-000383,Butter Delight,14.0,18700.0,0.0,261800.0
SLITEM-000115,SALE-2026-000115,PROD-000302,Rich Chocolate,15.0,6000.0,1800.0,88200.0
SLITEM-000116,SALE-2026-000116,PROD-000508,Caramel Cream,41.0,4300.0,0.0,176300.0
SLITEM-000117,SALE-2026-000117,PROD-000500,Golden Crunch,30.0,7000.0,0.0,210000.0
SLITEM-000118,SALE-2026-000118,PROD-000155,Premium Wafer,32.0,19200.0,0.0,614400.0
SLITEM-000119,SALE-2026-000119,PROD-000265,Classic Cream,25.0,6700.0,0.0,167500.0
SLITEM-000120,SALE-2026-000120,PROD-000080,Family Pack,23.0,13800.0,6300.0,311100.0
SLITEM-000121,SALE-2026-000121,PROD-000006,Caramel Cream,50.0,3300.0,0.0,165000.0
